source,target,relationship
SHR_UKIE_CDW_PROD.UKIE_CDW_PROD_DMT_CDW_CREST.DMT_TLU_PRODUCT,CREST_DATA_DEV.GTMC_ADAPT_TRANSFORMATIONS.TFT_SALES_CEP_DAY_FOCUSED_SOCIAL,VIEW_DEPENDENCY
ONEKEY,CREST_DATA_DEV.GTMC_ADAPT_TRANSFORMATIONS.TFT_SALES_CEP_DAY_FOCUSED_SOCIAL,VIEW_DEPENDENCY
CTE_BRAND,CREST_DATA_DEV.GTMC_ADAPT_TRANSFORMATIONS.TFT_SALES_CEP_DAY_FOCUSED_SOCIAL,VIEW_DEPENDENCY
SHR_UKIE_CDW_PROD.UKIE_CDW_PROD_DMT_CDW_CREST.DMT_TFT_SALES_CEP_DAY,CREST_DATA_DEV.GTMC_ADAPT_TRANSFORMATIONS.TFT_SALES_CEP_DAY_FOCUSED_SOCIAL,VIEW_DEPENDENCY
SHR_UKIE_CDW_PROD.UKIE_CDW_PROD_DMT_CDW_CREST.DMT_TLU_CUSTOMER,CREST_DATA_DEV.GTMC_ADAPT_TRANSFORMATIONS.TFT_SALES_CEP_DAY_FOCUSED_SOCIAL,VIEW_DEPENDENCY
CTE_MAX_HCO_ID,CREST_DATA_DEV.GTMC_ADAPT_TRANSFORMATIONS.TFT_SALES_CEP_DAY_FOCUSED_SOCIAL,VIEW_DEPENDENCY
CTE_MAIN_QUERY,CREST_DATA_DEV.GTMC_ADAPT_TRANSFORMATIONS.TFT_SALES_CEP_DAY_FOCUSED_SOCIAL,VIEW_DEPENDENCY
SHR_DF_CI_PROD.DF_CI_PROD_DMT_CIA_CREST.DIM_HCO,CREST_DATA_DEV.GTMC_ADAPT_TRANSFORMATIONS.TFT_SALES_CEP_DAY_FOCUSED_SOCIAL,VIEW_DEPENDENCY
CTE_PACK_DESC,CREST_DATA_DEV.GTMC_ADAPT_TRANSFORMATIONS.TFT_SALES_CEP_DAY_FOCUSED_SOCIAL,VIEW_DEPENDENCY
V_GEOGRAPHY_SUBNATIONAL_ADAPT_UKIE,CREST_DATA_DEV.GTMC_ADAPT_TRANSFORMATIONS.V_GEOGRAPHY_SUBNATIONAL_ADAPT,VIEW_DEPENDENCY
V_GEOGRAPHY_SUBNATIONAL_ADAPT_LTM,CREST_DATA_DEV.GTMC_ADAPT_TRANSFORMATIONS.V_GEOGRAPHY_SUBNATIONAL_ADAPT,VIEW_DEPENDENCY
V_GEOGRAPHY_SUBNATIONAL_ADAPT_BR,CREST_DATA_DEV.GTMC_ADAPT_TRANSFORMATIONS.V_GEOGRAPHY_SUBNATIONAL_ADAPT,VIEW_DEPENDENCY
CREST_DATA_DEV.GTMC_ADAPT_TRANSFORMATIONS.V_PRODUCT_ISP_ALL_ADAPT_BR,CREST_DATA_DEV.GTMC_ADAPT_TRANSFORMATIONS.V_PRODUCT_ISP_ALL_ADAPT,VIEW_DEPENDENCY
CREST_DATA_DEV.GTMC_ADAPT_TRANSFORMATIONS.V_PRODUCT_ISP_ALL_ADAPT_LTM,CREST_DATA_DEV.GTMC_ADAPT_TRANSFORMATIONS.V_PRODUCT_ISP_ALL_ADAPT,VIEW_DEPENDENCY
CREST_DATA_DEV.GTMC_ADAPT_TRANSFORMATIONS.V_PRODUCT_ISP_ALL_ADAPT_UKIE,CREST_DATA_DEV.GTMC_ADAPT_TRANSFORMATIONS.V_PRODUCT_ISP_ALL_ADAPT,VIEW_DEPENDENCY
SHR_COMM_BRA_PROD.COMM_BRA_PROD_DWH_PAP_IQVIA_ED.DWH_M_ED,CREST_DATA_DEV.GTMC_ADAPT_TRANSFORMATIONS.V_XREF_ADAPT_BR_TO_BRAND,VIEW_DEPENDENCY
SHR_DF_MARKET_PROD.DF_MARKET_PROD_DMT_ONEPRODUCT.DT_ONEPRODUCT_PKPR,CREST_DATA_DEV.GTMC_ADAPT_TRANSFORMATIONS.V_XREF_ADAPT_BR_TO_BRAND,VIEW_DEPENDENCY
SHR_DF_MARKET_UAT.DF_MARKET_UAT_DMT_SALES_MARKET_SN_CREST.PRODUCT_LOCAL_CODE,CREST_DATA_DEV.GTMC_ADAPT_TRANSFORMATIONS.V_XREF_ADAPT_BR_TO_BRAND,VIEW_DEPENDENCY
SHR_DF_MARKET_UAT.DF_MARKET_UAT_DMT_SALES_MARKET_SN_CREST.PRODUCT,CREST_DATA_DEV.GTMC_ADAPT_TRANSFORMATIONS.V_XREF_ADAPT_BR_TO_BRAND,VIEW_DEPENDENCY
SHR_COMM_BRA_PROD.COMM_BRA_PROD_DWH_PAP_IQVIA_ED.DWH_M_ED,CREST_DATA_DEV.GTMC_ADAPT_TRANSFORMATIONS.V_XREF_ADAPT_BR_TO_CALENDAR,VIEW_DEPENDENCY
SHR_DF_MARKET_PROD.DF_MARKET_PROD_DMT_ONEPRODUCT.DT_ONEPRODUCT_PKPR,CREST_DATA_DEV.GTMC_ADAPT_TRANSFORMATIONS.V_XREF_ADAPT_LTM_GOB360_TO_ATC4,VIEW_DEPENDENCY
V_XREF_ADAPT_LTM_GOB360_TO_MOLECULE_LIST,CREST_DATA_DEV.GTMC_ADAPT_TRANSFORMATIONS.V_XREF_ADAPT_LTM_GOB360_TO_ATC4,VIEW_DEPENDENCY
SHR_COMM_LTM_DEV.COMM_LTM_DEV_DMT_LTM.DMT_MX_GOB360_BASE,CREST_DATA_DEV.GTMC_ADAPT_TRANSFORMATIONS.V_XREF_ADAPT_LTM_GOB360_TO_ATC4,VIEW_DEPENDENCY
SHR_COMM_LTM_DEV.COMM_LTM_DEV_DMT_LTM.DMT_MX_AR_DDD_BASE,CREST_DATA_DEV.GTMC_ADAPT_TRANSFORMATIONS.V_XREF_ADAPT_LTM_MX_AR_DDD_BASE_TO_CALENDAR,VIEW_DEPENDENCY
SHR_DF_MARKET_PROD.DF_MARKET_PROD_DMT_ONEPRODUCT.DT_ONEPRODUCT_PKPR,CREST_DATA_DEV.GTMC_ADAPT_TRANSFORMATIONS.V_XREF_MOLECULE_LIST_TO_BRND_NAME_MX_UNIQUE,VIEW_DEPENDENCY
V_PATIENT_ADAPT_UKIE,CREST_DATA_DEV.GTMC_ADAPT_TRANSFORMATIONS.V_PATIENT_ADAPT,VIEW_DEPENDENCY
SHR_DF_MARKET_PROD.DF_MARKET_PROD_DMT_ONEPRODUCT.DT_ONEPRODUCT_PKPR,CREST_DATA_DEV.GTMC_ADAPT_TRANSFORMATIONS.V_XREF_ADAPT_LTM_GOB360_TO_LOCAL_BRAND,VIEW_DEPENDENCY
V_XREF_ADAPT_LTM_GOB360_TO_BRAND,CREST_DATA_DEV.GTMC_ADAPT_TRANSFORMATIONS.V_XREF_ADAPT_LTM_GOB360_TO_LOCAL_BRAND,VIEW_DEPENDENCY
SHR_COMM_LTM_DEV.COMM_LTM_DEV_DMT_LTM.DMT_MX_GOB360_BASE,CREST_DATA_DEV.GTMC_ADAPT_TRANSFORMATIONS.V_XREF_ADAPT_LTM_GOB360_TO_LOCAL_BRAND,VIEW_DEPENDENCY
SHR_UKIE_CDW_PROD.UKIE_CDW_PROD_DMT_CDW_CREST.DMT_TLU_PRODUCT,CREST_DATA_DEV.GTMC_ADAPT_TRANSFORMATIONS.V_XREF_ADAPT_UKIE_TFT_SALES_CEP_DAY_TO_PRODUCT_ID_ISP_ALL,VIEW_DEPENDENCY
CREST_DATA_DEV.GTMC_CREST.V_DT_ONEPRODUCT_PKPR_ENHANCED,CREST_DATA_DEV.GTMC_ADAPT_TRANSFORMATIONS.V_XREF_ADAPT_UKIE_TFT_SALES_CEP_DAY_TO_PRODUCT_ID_ISP_ALL,VIEW_DEPENDENCY
SHR_UKIE_CDW_PROD.UKIE_CDW_PROD_DMT_CDW_CREST.DMT_TFT_SALES_CEP_DAY,CREST_DATA_DEV.GTMC_ADAPT_TRANSFORMATIONS.V_XREF_ADAPT_UKIE_TFT_SALES_CEP_DAY_TO_PRODUCT_ID_ISP_ALL,VIEW_DEPENDENCY
CREST_DATA_DEV.GTMC_MSDF_TRANSFORMATIONS.V_CHANNEL_MSDF,CREST_DATA_DEV.GTMC_CREST.V_CHANNEL,VIEW_DEPENDENCY
CREST_DATA_DEV.GTMC_ADAPT_TRANSFORMATIONS.V_CHANNEL_ADAPT,CREST_DATA_DEV.GTMC_CREST.V_CHANNEL,VIEW_DEPENDENCY
SHR_DF_MARKET_PROD.DF_MARKET_PROD_DMT_ONEPRODUCT.DT_ONEPRODUCT_CE,CREST_DATA_DEV.GTMC_CREST.V_FACT_TEAM,VIEW_DEPENDENCY
SHR_DF_CI_PROD.DF_CI_PROD_DMT_CIA_CREST.DIM_TEAM,CREST_DATA_DEV.GTMC_CREST.V_FACT_TEAM,VIEW_DEPENDENCY
CREST_DATA_DEV.GTMC_CREST.V_TEAM_TO_BRAND_DISEASE,CREST_DATA_DEV.GTMC_CREST.V_FACT_TEAM,VIEW_DEPENDENCY
LMID_BRAND,CREST_DATA_DEV.GTMC_CREST.V_MASTER_ADAPT_TERRITORY_ALIGMENT,VIEW_DEPENDENCY
SHR_DF_CI_PROD.DF_CI_PROD_DMT_CIA_CREST.DIM_TEAM_TERRITORY,CREST_DATA_DEV.GTMC_CREST.V_MASTER_ADAPT_TERRITORY_ALIGMENT,VIEW_DEPENDENCY
SHR_COMM_IBE_PROD.COMM_IBE_PROD_DMT_COMM_IBE.VW_FCT_SALES_IN_ADJUSTED_WITH_TERR_PT,CREST_DATA_DEV.GTMC_CREST.V_MASTER_ADAPT_TERRITORY_ALIGMENT,VIEW_DEPENDENCY
SHR_COMM_GSA_PROD.COMM_GSA_PROD_DMT_COMM_GSA.VW_DIM_EMP_TERR_ASSIGNMENT,CREST_DATA_DEV.GTMC_CREST.V_MASTER_ADAPT_TERRITORY_ALIGMENT,VIEW_DEPENDENCY
RANKED_SALES_IT,CREST_DATA_DEV.GTMC_CREST.V_MASTER_ADAPT_TERRITORY_ALIGMENT,VIEW_DEPENDENCY
FINAL_DUPI_ALIGMENT_CH,CREST_DATA_DEV.GTMC_CREST.V_MASTER_ADAPT_TERRITORY_ALIGMENT,VIEW_DEPENDENCY
RANKED_SALES_DE,CREST_DATA_DEV.GTMC_CREST.V_MASTER_ADAPT_TERRITORY_ALIGMENT,VIEW_DEPENDENCY
SHR_COMM_GSA_PROD.COMM_GSA_PROD_DMT_COMM_GSA.VW_DIM_CUST_TERR_ASSIGNMENT,CREST_DATA_DEV.GTMC_CREST.V_MASTER_ADAPT_TERRITORY_ALIGMENT,VIEW_DEPENDENCY
SHR_COMM_IBE_PROD.COMM_IBE_PROD_DMT_COMM_IBE.VW_FCT_SALES_IN_ADJUSTED_WITH_TERR_ES,CREST_DATA_DEV.GTMC_CREST.V_MASTER_ADAPT_TERRITORY_ALIGMENT,VIEW_DEPENDENCY
ACCOUNTS_EXTRACT_DE,CREST_DATA_DEV.GTMC_CREST.V_MASTER_ADAPT_TERRITORY_ALIGMENT,VIEW_DEPENDENCY
FRANCE_ALIGNMENT,CREST_DATA_DEV.GTMC_CREST.V_MASTER_ADAPT_TERRITORY_ALIGMENT,VIEW_DEPENDENCY
SHR_COMM_ITA_PROD.COMM_ITA_PROD_DMT_COMM_ITA.DIM_CUST_TERR_ASSIGNMENT,CREST_DATA_DEV.GTMC_CREST.V_MASTER_ADAPT_TERRITORY_ALIGMENT,VIEW_DEPENDENCY
SHR_COMM_GSA_PROD.COMM_GSA_PROD_DMT_COMM_GSA.VW_DIM_HCO,CREST_DATA_DEV.GTMC_CREST.V_MASTER_ADAPT_TERRITORY_ALIGMENT,VIEW_DEPENDENCY
SHR_COMM_IBE_PROD.COMM_IBE_PROD_DMT_COMM_IBE.VW_DIM_TEAM,CREST_DATA_DEV.GTMC_CREST.V_MASTER_ADAPT_TERRITORY_ALIGMENT,VIEW_DEPENDENCY
BASE_VIEW_DUPI_CH,CREST_DATA_DEV.GTMC_CREST.V_MASTER_ADAPT_TERRITORY_ALIGMENT,VIEW_DEPENDENCY
SHR_COMM_GSA_PROD.COMM_GSA_PROD_DMT_COMM_GSA.VW_DIM_PRODUCT_LMID,CREST_DATA_DEV.GTMC_CREST.V_MASTER_ADAPT_TERRITORY_ALIGMENT,VIEW_DEPENDENCY
SHR_COMM_GSA_PROD.COMM_GSA_PROD_DMT_COMM_GSA.VW_DIM_PRODUCT_BRAND,CREST_DATA_DEV.GTMC_CREST.V_MASTER_ADAPT_TERRITORY_ALIGMENT,VIEW_DEPENDENCY
RANKED_SALES_CH,CREST_DATA_DEV.GTMC_CREST.V_MASTER_ADAPT_TERRITORY_ALIGMENT,VIEW_DEPENDENCY
SHR_COMM_GSA_PROD.COMM_GSA_PROD_DMT_COMM_GSA.VW_DIM_TERRITORY_HIERARCHY,CREST_DATA_DEV.GTMC_CREST.V_MASTER_ADAPT_TERRITORY_ALIGMENT,VIEW_DEPENDENCY
SHR_DF_CI_PROD.DF_CI_PROD_DMT_CIA_CREST.DIM_TERRITORY_BRICK,CREST_DATA_DEV.GTMC_CREST.V_MASTER_ADAPT_TERRITORY_ALIGMENT,VIEW_DEPENDENCY
SHR_DF_CI_PROD.DF_CI_PROD_DMT_CIA_CREST.DIM_TERRITORY_HIERARCHY,CREST_DATA_DEV.GTMC_CREST.V_MASTER_ADAPT_TERRITORY_ALIGMENT,VIEW_DEPENDENCY
SHR_COMM_GSA_PROD.COMM_GSA_PROD_DMT_COMM_GSA.VW_DIM_TERRITORY_BRICK,CREST_DATA_DEV.GTMC_CREST.V_MASTER_ADAPT_TERRITORY_ALIGMENT,VIEW_DEPENDENCY
SHR_COMM_GSA_PROD.COMM_GSA_PROD_DMT_COMM_GSA.VW_DIM_PRODUCT_GMID,CREST_DATA_DEV.GTMC_CREST.V_MASTER_ADAPT_TERRITORY_ALIGMENT,VIEW_DEPENDENCY
IQVIA_BRICK_DE,CREST_DATA_DEV.GTMC_CREST.V_MASTER_ADAPT_TERRITORY_ALIGMENT,VIEW_DEPENDENCY
SHR_COMM_ITA_PROD.COMM_ITA_PROD_DMT_COMM_ITA.DIM_CUST_BRAND_TO_TERR_EXCEP,CREST_DATA_DEV.GTMC_CREST.V_MASTER_ADAPT_TERRITORY_ALIGMENT,VIEW_DEPENDENCY
SHR_COMM_IBE_PROD.COMM_IBE_PROD_DMT_COMM_IBE.VW_DIM_TERRITORY,CREST_DATA_DEV.GTMC_CREST.V_MASTER_ADAPT_TERRITORY_ALIGMENT,VIEW_DEPENDENCY
SHR_DF_CI_PROD.DF_CI_PROD_DMT_CIA_CREST.DIM_HCO_BRICK,CREST_DATA_DEV.GTMC_CREST.V_MASTER_ADAPT_TERRITORY_ALIGMENT,VIEW_DEPENDENCY
SHR_COMM_GSA_PROD.COMM_GSA_PROD_DMT_COMM_GSA.VW_FCT_INVOICE,CREST_DATA_DEV.GTMC_CREST.V_MASTER_ADAPT_TERRITORY_ALIGMENT,VIEW_DEPENDENCY
SHR_DF_CI_PROD.DF_CI_PROD_DMT_CIA_CREST.DIM_TERRITORY,CREST_DATA_DEV.GTMC_CREST.V_MASTER_ADAPT_TERRITORY_ALIGMENT,VIEW_DEPENDENCY
DUPIX_SALES,CREST_DATA_DEV.GTMC_CREST.V_MASTER_ADAPT_TERRITORY_ALIGMENT,VIEW_DEPENDENCY
SHR_DF_CI_PROD.DF_CI_PROD_DMT_CIA_CREST.DIM_TEAM,CREST_DATA_DEV.GTMC_CREST.V_MASTER_ADAPT_TERRITORY_ALIGMENT,VIEW_DEPENDENCY
RANKED_SALES_ES,CREST_DATA_DEV.GTMC_CREST.V_MASTER_ADAPT_TERRITORY_ALIGMENT,VIEW_DEPENDENCY
SHR_COMM_IBE_PROD.COMM_IBE_PROD_DMT_COMM_IBE.VW_DIM_HCO,CREST_DATA_DEV.GTMC_CREST.V_MASTER_ADAPT_TERRITORY_ALIGMENT,VIEW_DEPENDENCY
SHR_COMM_GSA_PROD.COMM_GSA_PROD_DMT_COMM_GSA.VW_DIM_CUSTOMER,CREST_DATA_DEV.GTMC_CREST.V_MASTER_ADAPT_TERRITORY_ALIGMENT,VIEW_DEPENDENCY
SHR_COMM_GSA_PROD.COMM_GSA_PROD_DMT_COMM_GSA.VW_DIM_ZIP_TO_STATE,CREST_DATA_DEV.GTMC_CREST.V_MASTER_ADAPT_TERRITORY_ALIGMENT,VIEW_DEPENDENCY
SHR_DF_CI_PROD.DF_CI_PROD_DMT_CIA_CREST.DIM_EMP_TERR_ASSIGNMENT,CREST_DATA_DEV.GTMC_CREST.V_MASTER_ADAPT_TERRITORY_ALIGMENT,VIEW_DEPENDENCY
SHR_COMM_GSA_PROD.COMM_GSA_PROD_DMT_COMM_GSA.VW_IQVIA_BRICK,CREST_DATA_DEV.GTMC_CREST.V_MASTER_ADAPT_TERRITORY_ALIGMENT,VIEW_DEPENDENCY
RANKED_SALES_PT,CREST_DATA_DEV.GTMC_CREST.V_MASTER_ADAPT_TERRITORY_ALIGMENT,VIEW_DEPENDENCY
CUST_BRAND_QTY,CREST_DATA_DEV.GTMC_CREST.V_MASTER_ADAPT_TERRITORY_ALIGMENT,VIEW_DEPENDENCY
SHR_COMM_ITA_PROD.COMM_ITA_PROD_DMT_COMM_ITA.DIM_HCO_BRICK,CREST_DATA_DEV.GTMC_CREST.V_MASTER_ADAPT_TERRITORY_ALIGMENT,VIEW_DEPENDENCY
CREST_DATA_DEV.GTMC_SANDBOX.V_TEAM_TO_BRAND_DISEASE,CREST_DATA_DEV.GTMC_CREST.V_TEAM_TO_SANOFI_MARKETS_CANDIDATES,VIEW_DEPENDENCY
V_TEAM_TO_BRAND_DISEASE,CREST_DATA_DEV.GTMC_CREST.V_TEAM_TO_SANOFI_MARKETS_CANDIDATES,VIEW_DEPENDENCY
PRODUCT_MARKET_ISP_ALL,CREST_DATA_DEV.GTMC_CREST.V_TEAM_TO_SANOFI_MARKETS_CANDIDATES,VIEW_DEPENDENCY
MARKET_DISEASE,CREST_DATA_DEV.GTMC_CREST.V_TEAM_TO_SANOFI_MARKETS_CANDIDATES,VIEW_DEPENDENCY
SHR_DF_MARKET_PROD.DF_MARKET_PROD_DMT_SALES_MARKET_SN_CREST.MARKET,CREST_DATA_DEV.GTMC_CREST.V_TEAM_TO_SANOFI_MARKETS_CANDIDATES,VIEW_DEPENDENCY
CREST_DATA_DEV.GTMC_MSDF_TRANSFORMATIONS.PRODUCT_MARKET_ISP_ALL_MSDF,CREST_DATA_DEV.GTMC_MSDF_TRANSFORMATIONS.V_TEAM_TO_SANOFI_MARKETS,VIEW_DEPENDENCY
CREST_DATA_DEV.GTMC_MSDF_TRANSFORMATIONS.V_TEAM_TO_BRAND_DISEASE_CORRECTED,CREST_DATA_DEV.GTMC_MSDF_TRANSFORMATIONS.V_TEAM_TO_SANOFI_MARKETS,VIEW_DEPENDENCY
SHR_DF_MARKET_UAT.DF_MARKET_UAT_DMT_SALES_MARKET_SN_CREST.MARKET,CREST_DATA_DEV.GTMC_MSDF_TRANSFORMATIONS.V_TEAM_TO_SANOFI_MARKETS,VIEW_DEPENDENCY
CREST_DATA_DEV.GTMC_SANDBOX.V_TEAM_TO_BRAND_DISEASE,CREST_DATA_DEV.GTMC_MSDF_TRANSFORMATIONS.V_TEAM_TO_SANOFI_MARKETS,VIEW_DEPENDENCY
SHR_DF_MARKET_PROD.DF_MARKET_PROD_DMT_ONEPRODUCT.DT_ONEPRODUCT_PKPR,CREST_DATA_DEV.GTMC_MSDF_TRANSFORMATIONS.V_XREF_HARMONIZED_LOCAL_BRANDS_TO_ATC_CLSF_CDS,VIEW_DEPENDENCY
SHR_UKIE_CDW_PROD.UKIE_CDW_PROD_DMT_CDW_CREST.DMT_TLU_PRODUCT,CREST_DATA_DEV.GTMC_ADAPT_TRANSFORMATIONS.V_XREF_ADAPT_UKIE_TFT_SOCIAL_TO_HARMONIZED_GLOBAL_PRODUCT,VIEW_DEPENDENCY
SHR_DF_MARKET_PROD.DF_MARKET_PROD_DMT_ONEPRODUCT.DT_ONEPRODUCT_PKPR,CREST_DATA_DEV.GTMC_ADAPT_TRANSFORMATIONS.V_XREF_ADAPT_UKIE_TFT_SOCIAL_TO_HARMONIZED_GLOBAL_PRODUCT,VIEW_DEPENDENCY
CREST_DATA_DEV.GTMC_SANDBOX.TFT_SALES_CEP_DAY_FOCUSED_SOCIAL,CREST_DATA_DEV.GTMC_ADAPT_TRANSFORMATIONS.V_XREF_ADAPT_UKIE_TFT_SOCIAL_TO_HARMONIZED_GLOBAL_PRODUCT,VIEW_DEPENDENCY
SHR_UKIE_CDW_PROD.UKIE_CDW_PROD_DMT_CDW_CREST.DMT_TFT_SALES_CEP_DAY,CREST_DATA_DEV.GTMC_ADAPT_TRANSFORMATIONS.V_XREF_ADAPT_UKIE_TFT_SOCIAL_TO_HARMONIZED_GLOBAL_PRODUCT,VIEW_DEPENDENCY
V_TEAM_TO_BRAND_DISEASE_CANDIDATES,CREST_DATA_DEV.GTMC_CREST.V_TEAM_TO_BRAND_DISEASE,VIEW_DEPENDENCY
SHR_DF_MARKET_PROD.DF_MARKET_PROD_DMT_ONEPRODUCT.DT_ONEPRODUCT_PKPR,CREST_DATA_DEV.GTMC_CREST.V_XREF_BRAND_IDS_TO_HRMZD_GBL_BRND_IDS_ONEPRODUCT,VIEW_DEPENDENCY
CREST_DATA_DEV.GTMC_SANDBOX.V_TEAM_TO_BRAND_DISEASE,CREST_DATA_DEV.GTMC_MSDF_TRANSFORMATIONS.V_TEAM_TO_BRAND_DISEASE_CORRECTED,VIEW_DEPENDENCY
CREST_DATA_DEV.GTMC_MSDF_TRANSFORMATIONS.PRODUCT_MARKET_ISP_ALL_MSDF,CREST_DATA_DEV.GTMC_MSDF_TRANSFORMATIONS.V_TEAM_TO_SANOFI_MARKETS_MSDF_CANDIDATES,VIEW_DEPENDENCY
CREST_DATA_DEV.GTMC_MSDF_TRANSFORMATIONS.V_TEAM_TO_BRAND_DISEASE_CORRECTED,CREST_DATA_DEV.GTMC_MSDF_TRANSFORMATIONS.V_TEAM_TO_SANOFI_MARKETS_MSDF_CANDIDATES,VIEW_DEPENDENCY
SHR_DF_MARKET_UAT.DF_MARKET_UAT_DMT_SALES_MARKET_SN_CREST.MARKET,CREST_DATA_DEV.GTMC_MSDF_TRANSFORMATIONS.V_TEAM_TO_SANOFI_MARKETS_MSDF_CANDIDATES,VIEW_DEPENDENCY
CREST_DATA_DEV.GTMC_SANDBOX.V_TEAM_TO_BRAND_DISEASE,CREST_DATA_DEV.GTMC_MSDF_TRANSFORMATIONS.V_TEAM_TO_SANOFI_MARKETS_MSDF_CANDIDATES,VIEW_DEPENDENCY
SHR_DF_MARKET_PROD.DF_MARKET_PROD_DMT_ONEPRODUCT.DT_ONEPRODUCT_PKPR,CREST_DATA_DEV.GTMC_MSDF_TRANSFORMATIONS.V_VALIDATED_HARMONIZED_GLOBAL_PRODUCTS,VIEW_DEPENDENCY
CREST_DATA_DEV.GTMC_MSDF_TRANSFORMATIONS.V_PRODUCT_ISP_ALL_INTERIM,CREST_DATA_DEV.GTMC_MSDF_TRANSFORMATIONS.V_VALIDATED_HARMONIZED_GLOBAL_PRODUCTS,VIEW_DEPENDENCY
CREST_DATA_DEV.GTMC_CREST.PRODUCT_MARKET_ISP_ALL,CREST_DATA_DEV.GTMC_ZAIDYN.V_PRODUCT,VIEW_DEPENDENCY
SHR_DF_MARKET_PROD.DF_MARKET_PROD_DMT_ONEPRODUCT.DT_ONEPRODUCT_PKPR,CREST_DATA_DEV.GTMC_CREST.V_HARMONIZED_LOCAL_BRAND_ONEPRODUCT,VIEW_DEPENDENCY
CREST_DATA_DEV.GTMC_MSDF_TRANSFORMATIONS.V_XREF_MARKET_PRODUCT_ISP_ALL_OLD_TO_MDM_PRODUCT_ID,CREST_DATA_DEV.GTMC_MSDF_TRANSFORMATIONS.V_MARKET_PRODUCT_MARKET_ISP_ALL_INTERIM,VIEW_DEPENDENCY
CREST_DATA_DEV.GTMC_MSDF_TRANSFORMATIONS.V_XREF_MDM_PRODUCT_ID_TO_PRODUCT_ISP_ALL_OLD,CREST_DATA_DEV.GTMC_MSDF_TRANSFORMATIONS.V_MARKET_PRODUCT_MARKET_ISP_ALL_INTERIM,VIEW_DEPENDENCY
SHR_DF_MARKET_PROD.DF_MARKET_PROD_DMT_SALES_MARKET_SN_CREST.MARKET_PRODUCT_ISP_ALL,CREST_DATA_DEV.GTMC_MSDF_TRANSFORMATIONS.V_MARKET_PRODUCT_MARKET_ISP_ALL_INTERIM,VIEW_DEPENDENCY
CREST_DATA_DEV.GTMC_ADAPT_TRANSFORMATIONS.V_XREF_ADAPT_UKIE_PATIENT_SALES_TO_CALENDAR,CREST_DATA_DEV.GTMC_ADAPT_TRANSFORMATIONS.V_CALENDAR_ADAPT_UKIE,VIEW_DEPENDENCY
CREST_DATA_DEV.GTMC_ADAPT_TRANSFORMATIONS.V_XREF_ADAPT_UKIE_TFT_SOCIAL_TO_CALENDAR,CREST_DATA_DEV.GTMC_ADAPT_TRANSFORMATIONS.V_CALENDAR_ADAPT_UKIE,VIEW_DEPENDENCY
V_INSTITUCION_TO_UNIDAD_MX_UNIQUE,CREST_DATA_DEV.GTMC_ADAPT_TRANSFORMATIONS.V_DMT_MX_GOB360_BASE_INTERIM,VIEW_DEPENDENCY
SHR_COMM_LTM_DEV.COMM_LTM_DEV_DMT_LTM.DMT_MX_GOB360_BASE,CREST_DATA_DEV.GTMC_ADAPT_TRANSFORMATIONS.V_DMT_MX_GOB360_BASE_INTERIM,VIEW_DEPENDENCY
V_XREF_ADAPT_LTM_GOB360_TO_GEOGRAPHY_SUBNATIONAL,CREST_DATA_DEV.GTMC_ADAPT_TRANSFORMATIONS.V_GEOGRAPHY_SUBNATIONAL_ADAPT_LTM,VIEW_DEPENDENCY
V_XREF_ADAPT_LTM_MX_DDD_BASE_WIDE_TO_GEOGRAPHY_SUBNATIONAL,CREST_DATA_DEV.GTMC_ADAPT_TRANSFORMATIONS.V_GEOGRAPHY_SUBNATIONAL_ADAPT_LTM,VIEW_DEPENDENCY
V_XREF_ADAPT_UKIE_PATIENT_SALES_TO_GLOBAL_CORPORATION,CREST_DATA_DEV.GTMC_ADAPT_TRANSFORMATIONS.V_PRODUCT_ISP_ALL_ADAPT_UKIE_PATIENT_SALES,VIEW_DEPENDENCY
V_XREF_ADAPT_UKIE_PATIENT_SALES_TO_LOCAL_BRAND,CREST_DATA_DEV.GTMC_ADAPT_TRANSFORMATIONS.V_PRODUCT_ISP_ALL_ADAPT_UKIE_PATIENT_SALES,VIEW_DEPENDENCY
V_XREF_ADAPT_UKIE_PATIENT_SALES_TO_BRAND,CREST_DATA_DEV.GTMC_ADAPT_TRANSFORMATIONS.V_PRODUCT_ISP_ALL_ADAPT_UKIE_PATIENT_SALES,VIEW_DEPENDENCY
V_XREF_ADAPT_UKIE_PATIENT_SALES_TO_MOLECULE_LIST,CREST_DATA_DEV.GTMC_ADAPT_TRANSFORMATIONS.V_PRODUCT_ISP_ALL_ADAPT_UKIE_PATIENT_SALES,VIEW_DEPENDENCY
V_XREF_ADAPT_UKIE_PATIENT_SALES_TO_HARMONIZED_GLOBAL_PRODUCT,CREST_DATA_DEV.GTMC_ADAPT_TRANSFORMATIONS.V_PRODUCT_ISP_ALL_ADAPT_UKIE_PATIENT_SALES,VIEW_DEPENDENCY
SHR_UKIE_CDW_PROD.UKIE_CDW_PROD_DMT_CDW_CREST.DMT_PATIENT_SALES,CREST_DATA_DEV.GTMC_ADAPT_TRANSFORMATIONS.V_PRODUCT_ISP_ALL_ADAPT_UKIE_PATIENT_SALES,VIEW_DEPENDENCY
V_XREF_ADAPT_UKIE_PATIENT_SALES_TO_HARMONIZED_LOCAL_BRAND,CREST_DATA_DEV.GTMC_ADAPT_TRANSFORMATIONS.V_PRODUCT_ISP_ALL_ADAPT_UKIE_PATIENT_SALES,VIEW_DEPENDENCY
V_XREF_ADAPT_UKIE_PATIENT_SALES_TO_LOCAL_MANUFACTURER,CREST_DATA_DEV.GTMC_ADAPT_TRANSFORMATIONS.V_PRODUCT_ISP_ALL_ADAPT_UKIE_PATIENT_SALES,VIEW_DEPENDENCY
V_XREF_ADAPT_UKIE_PATIENT_SALES_TO_PRODUCT_ID_ISP_ALL,CREST_DATA_DEV.GTMC_ADAPT_TRANSFORMATIONS.V_PRODUCT_ISP_ALL_ADAPT_UKIE_PATIENT_SALES,VIEW_DEPENDENCY
V_XREF_ADAPT_UKIE_PATIENT_SALES_TO_ATC4,CREST_DATA_DEV.GTMC_ADAPT_TRANSFORMATIONS.V_PRODUCT_ISP_ALL_ADAPT_UKIE_PATIENT_SALES,VIEW_DEPENDENCY
TFT_SALES_CEP_DAY_FOCUSED_SOCIAL,CREST_DATA_DEV.GTMC_ADAPT_TRANSFORMATIONS.V_XREF_ADAPT_UKIE_TFT_SOCIAL_TO_CALENDAR,VIEW_DEPENDENCY
V_XREF_ADAPT_LTM_MX_DDD_BASE_WIDE_TO_BRAND,CREST_DATA_DEV.GTMC_ADAPT_TRANSFORMATIONS.V_XREF_ADAPT_LTM_MX_DDD_BASE_WIDE_TO_HARMONIZED_LOCAL_BRAND,VIEW_DEPENDENCY
SHR_DF_MARKET_PROD.DF_MARKET_PROD_DMT_ONEPRODUCT.DT_ONEPRODUCT_PKPR,CREST_DATA_DEV.GTMC_ADAPT_TRANSFORMATIONS.V_XREF_ADAPT_LTM_MX_DDD_BASE_WIDE_TO_HARMONIZED_LOCAL_BRAND,VIEW_DEPENDENCY
SHR_COMM_LTM_DEV.COMM_LTM_DEV_DMT_LTM.DMT_MX_AR_DDD_BASE,CREST_DATA_DEV.GTMC_ADAPT_TRANSFORMATIONS.V_XREF_ADAPT_LTM_MX_DDD_BASE_WIDE_TO_HARMONIZED_LOCAL_BRAND,VIEW_DEPENDENCY
V_XREF_ADAPT_UKIE_PATIENT_SALES_TO_PRODUCT_ID_ISP_ALL,CREST_DATA_DEV.GTMC_ADAPT_TRANSFORMATIONS.V_XREF_ADAPT_UKIE_PATIENT_SALES_TO_GLOBAL_CORPORATION,VIEW_DEPENDENCY
SHR_DF_MARKET_PROD.DF_MARKET_PROD_DMT_ONEPRODUCT.DT_ONEPRODUCT_PKPR,CREST_DATA_DEV.GTMC_ADAPT_TRANSFORMATIONS.V_XREF_ADAPT_UKIE_PATIENT_SALES_TO_GLOBAL_CORPORATION,VIEW_DEPENDENCY
SHR_UKIE_CDW_PROD.UKIE_CDW_PROD_DMT_CDW_CREST.DMT_PATIENT_SALES,CREST_DATA_DEV.GTMC_ADAPT_TRANSFORMATIONS.V_XREF_ADAPT_UKIE_PATIENT_SALES_TO_GLOBAL_CORPORATION,VIEW_DEPENDENCY
V_XREF_ADAPT_UKIE_TFT_SALES_CEP_DAY_TO_COUNTRY,CREST_DATA_DEV.GTMC_ADAPT_TRANSFORMATIONS.V_XREF_ADAPT_UKIE_TFT_SALES_CEP_DAY_TO_DMT_SALES_ORDERS,VIEW_DEPENDENCY
V_XREF_ADAPT_UKIE_TFT_SALES_CEP_DAY_TO_ORDER_CD,CREST_DATA_DEV.GTMC_ADAPT_TRANSFORMATIONS.V_XREF_ADAPT_UKIE_TFT_SALES_CEP_DAY_TO_DMT_SALES_ORDERS,VIEW_DEPENDENCY
V_XREF_ADAPT_UKIE_TFT_SALES_CEP_DAY_TO_CALENDAR,CREST_DATA_DEV.GTMC_ADAPT_TRANSFORMATIONS.V_XREF_ADAPT_UKIE_TFT_SALES_CEP_DAY_TO_DMT_SALES_ORDERS,VIEW_DEPENDENCY
V_XREF_ADAPT_UKIE_TFT_SALES_CEP_DAY_TO_CUSTOMER_CD,CREST_DATA_DEV.GTMC_ADAPT_TRANSFORMATIONS.V_XREF_ADAPT_UKIE_TFT_SALES_CEP_DAY_TO_DMT_SALES_ORDERS,VIEW_DEPENDENCY
V_XREF_ADAPT_UKIE_TFT_SALES_CEP_DAY_TO_ORDER_ITEM_CD,CREST_DATA_DEV.GTMC_ADAPT_TRANSFORMATIONS.V_XREF_ADAPT_UKIE_TFT_SALES_CEP_DAY_TO_DMT_SALES_ORDERS,VIEW_DEPENDENCY
V_XREF_ADAPT_UKIE_TFT_SALES_CEP_DAY_TO_GMID_ID,CREST_DATA_DEV.GTMC_ADAPT_TRANSFORMATIONS.V_XREF_ADAPT_UKIE_TFT_SALES_CEP_DAY_TO_DMT_SALES_ORDERS,VIEW_DEPENDENCY
SHR_UKIE_CDW_PROD.UKIE_CDW_PROD_DMT_CDW_CREST.DMT_TFT_SALES_CEP_DAY,CREST_DATA_DEV.GTMC_ADAPT_TRANSFORMATIONS.V_XREF_ADAPT_UKIE_TFT_SALES_CEP_DAY_TO_DMT_SALES_ORDERS,VIEW_DEPENDENCY
V_XREF_ADAPT_UKIE_TFT_SALES_CEP_DAY_TO_PRODUCT_ID_ISP_ALL,CREST_DATA_DEV.GTMC_ADAPT_TRANSFORMATIONS.V_XREF_ADAPT_UKIE_TFT_SALES_CEP_DAY_TO_DMT_SALES_ORDERS,VIEW_DEPENDENCY
V_XREF_ADAPT_UKIE_TFT_SALES_CEP_DAY_TO_SOURCE_SYSTEM_CD,CREST_DATA_DEV.GTMC_ADAPT_TRANSFORMATIONS.V_XREF_ADAPT_UKIE_TFT_SALES_CEP_DAY_TO_DMT_SALES_ORDERS,VIEW_DEPENDENCY
SHR_UKIE_CDW_PROD.UKIE_CDW_PROD_DMT_CDW_CREST.DMT_TLU_PRODUCT,CREST_DATA_DEV.GTMC_ADAPT_TRANSFORMATIONS.V_XREF_ADAPT_UKIE_TFT_SOCIAL_TO_LOCAL_BRAND,VIEW_DEPENDENCY
SHR_DF_MARKET_PROD.DF_MARKET_PROD_DMT_ONEPRODUCT.DT_ONEPRODUCT_PKPR,CREST_DATA_DEV.GTMC_ADAPT_TRANSFORMATIONS.V_XREF_ADAPT_UKIE_TFT_SOCIAL_TO_LOCAL_BRAND,VIEW_DEPENDENCY
CREST_DATA_DEV.GTMC_SANDBOX.TFT_SALES_CEP_DAY_FOCUSED_SOCIAL,CREST_DATA_DEV.GTMC_ADAPT_TRANSFORMATIONS.V_XREF_ADAPT_UKIE_TFT_SOCIAL_TO_LOCAL_BRAND,VIEW_DEPENDENCY
SHR_UKIE_CDW_PROD.UKIE_CDW_PROD_DMT_CDW_CREST.DMT_TFT_SALES_CEP_DAY,CREST_DATA_DEV.GTMC_ADAPT_TRANSFORMATIONS.V_XREF_ADAPT_UKIE_TFT_SOCIAL_TO_LOCAL_BRAND,VIEW_DEPENDENCY
V_XREF_ADAPT_UKIE_TFT_SOCIAL_TO_CALENDAR,CREST_DATA_DEV.GTMC_ADAPT_TRANSFORMATIONS.V_XREF_ADAPT_UKIE_TFT_SOCIAL_TO_SALES_SUBNATIONAL_ISP_ALL,VIEW_DEPENDENCY
V_XREF_ADAPT_UKIE_TFT_SOCIAL_TO_COUNTRY,CREST_DATA_DEV.GTMC_ADAPT_TRANSFORMATIONS.V_XREF_ADAPT_UKIE_TFT_SOCIAL_TO_SALES_SUBNATIONAL_ISP_ALL,VIEW_DEPENDENCY
V_XREF_ADAPT_UKIE_TFT_SOCIAL_TO_PRODUCT_ID_ISP_ALL,CREST_DATA_DEV.GTMC_ADAPT_TRANSFORMATIONS.V_XREF_ADAPT_UKIE_TFT_SOCIAL_TO_SALES_SUBNATIONAL_ISP_ALL,VIEW_DEPENDENCY
V_XREF_ADAPT_UKIE_TFT_SOCIAL_TO_CHANNEL,CREST_DATA_DEV.GTMC_ADAPT_TRANSFORMATIONS.V_XREF_ADAPT_UKIE_TFT_SOCIAL_TO_SALES_SUBNATIONAL_ISP_ALL,VIEW_DEPENDENCY
TFT_SALES_CEP_DAY_FOCUSED_SOCIAL,CREST_DATA_DEV.GTMC_ADAPT_TRANSFORMATIONS.V_XREF_ADAPT_UKIE_TFT_SOCIAL_TO_SALES_SUBNATIONAL_ISP_ALL,VIEW_DEPENDENCY
V_XREF_ADAPT_UKIE_TFT_SOCIAL_TO_CUSTOMER,CREST_DATA_DEV.GTMC_ADAPT_TRANSFORMATIONS.V_XREF_ADAPT_UKIE_TFT_SOCIAL_TO_SALES_SUBNATIONAL_ISP_ALL,VIEW_DEPENDENCY
V_XREF_ADAPT_UKIE_TFT_SOCIAL_TO_GEOGRAPHY_SUBNATIONAL,CREST_DATA_DEV.GTMC_ADAPT_TRANSFORMATIONS.V_XREF_ADAPT_UKIE_TFT_SOCIAL_TO_SALES_SUBNATIONAL_ISP_ALL,VIEW_DEPENDENCY
CREST_DATA_DEV.GTMC_CREST.V_GEOGRAPHY_SUBNATIONAL,CREST_DATA_DEV.GTMC_CREST.V_GEO_CUSTOMER,VIEW_DEPENDENCY
CREST_DATA_DEV.GTMC_CREST.V_CUSTOMER,CREST_DATA_DEV.GTMC_CREST.V_GEO_CUSTOMER,VIEW_DEPENDENCY
CREST_DATA_DEV.GTMC_CREST.SALES_SUBNATIONAL_ISP_ALL,CREST_DATA_DEV.GTMC_CREST.V_GEO_CUSTOMER,VIEW_DEPENDENCY
CREST_DATA_DEV.GTMC_MSDF_TRANSFORMATIONS.PRODUCT_MARKET_ISP_ALL_MSDF,CREST_DATA_DEV.GTMC_MSDF_TRANSFORMATIONS.TEAM_TO_MARKET_DEFINITIONS,VIEW_DEPENDENCY
CREST_DATA_DEV.GTMC_MSDF_TRANSFORMATIONS.V_TEAM_TO_SANOFI_MARKETS,CREST_DATA_DEV.GTMC_MSDF_TRANSFORMATIONS.TEAM_TO_MARKET_DEFINITIONS,VIEW_DEPENDENCY
CREST_DATA_DEV.GTMC_ADAPT_TRANSFORMATIONS.V_XREF_ADAPT_UKIE_PATIENT_SALES_TO_ORDER_NUMBER,CREST_DATA_DEV.GTMC_ADAPT_TRANSFORMATIONS.V_SALES_ORDER_ADAPT_UKIE,VIEW_DEPENDENCY
SHR_DF_MARKET_UAT.DF_MARKET_UAT_DMT_SALES_MARKET_SN_CREST.GEOGRAPHY_SUBNATIONAL,CREST_DATA_DEV.GTMC_ADAPT_TRANSFORMATIONS.V_XREF_ADAPT_UKIE_TFT_SOCIAL_TO_GEOGRAPHY_SUBNATIONAL,VIEW_DEPENDENCY
V_XREF_ADAPT_UKIE_TFT_SOCIAL_TO_COUNTRY,CREST_DATA_DEV.GTMC_ADAPT_TRANSFORMATIONS.V_XREF_ADAPT_UKIE_TFT_SOCIAL_TO_GEOGRAPHY_SUBNATIONAL,VIEW_DEPENDENCY
TFT_SALES_CEP_DAY_FOCUSED_SOCIAL,CREST_DATA_DEV.GTMC_ADAPT_TRANSFORMATIONS.V_XREF_ADAPT_UKIE_TFT_SOCIAL_TO_GEOGRAPHY_SUBNATIONAL,VIEW_DEPENDENCY
SHR_UKIE_CDW_PROD.UKIE_CDW_PROD_DMT_CDW_CREST.DMT_TLU_CUSTOMER,CREST_DATA_DEV.GTMC_ADAPT_TRANSFORMATIONS.V_XREF_ADAPT_UKIE_TFT_SOCIAL_TO_GEOGRAPHY_SUBNATIONAL,VIEW_DEPENDENCY
SHR_DF_MARKET_PROD.DF_MARKET_PROD_DMT_ONEPRODUCT.DT_ONEPRODUCT_PKPR,CREST_DATA_DEV.GTMC_ADAPT_TRANSFORMATIONS.V_XREF_ADAPT_UKIE_TO_PRODUCT_ID_ISP_ALL,VIEW_DEPENDENCY
CREST_DATA_DEV.GTMC_SANDBOX.TFT_SALES_CEP_DAY_FOCUSED_SOCIAL,CREST_DATA_DEV.GTMC_ADAPT_TRANSFORMATIONS.V_XREF_ADAPT_UKIE_TO_PRODUCT_ID_ISP_ALL,VIEW_DEPENDENCY
SHR_UKIE_CDW_PROD.UKIE_CDW_PROD_DMT_CDW_CREST.DMT_TLU_PRODUCT,CREST_DATA_DEV.GTMC_ADAPT_TRANSFORMATIONS.V_XREF_ADAPT_UKIE_TO_PRODUCT_ID_ISP_ALL,VIEW_DEPENDENCY
SHR_UKIE_CDW_PROD.UKIE_CDW_PROD_DMT_CDW_CREST.DMT_PATIENT_SALES,CREST_DATA_DEV.GTMC_ADAPT_TRANSFORMATIONS.V_XREF_ADAPT_UKIE_TO_PRODUCT_ID_ISP_ALL,VIEW_DEPENDENCY
SHR_UKIE_CDW_PROD.UKIE_CDW_PROD_DMT_CDW_CREST.DMT_TFT_SALES_CEP_DAY,CREST_DATA_DEV.GTMC_ADAPT_TRANSFORMATIONS.V_XREF_ADAPT_UKIE_TO_PRODUCT_ID_ISP_ALL,VIEW_DEPENDENCY
CREST_DATA_DEV.GTMC_ADAPT_TRANSFORMATIONS.PRODUCT_ISP_ALL_ADAPT,CREST_DATA_DEV.GTMC_CREST.V_PRODUCT_ISP_ALL,VIEW_DEPENDENCY
CREST_DATA_DEV.GTMC_MSDF_TRANSFORMATIONS.PRODUCT_ISP_ALL_MSDF,CREST_DATA_DEV.GTMC_CREST.V_PRODUCT_ISP_ALL,VIEW_DEPENDENCY
CREST_DATA_DEV.GTMC_ADAPT_TRANSFORMATIONS.SALES_SUBNATIONAL_ISP_ALL_ADAPT_VF,CREST_DATA_DEV.GTMC_CREST.V_SALES_SUBNATIONAL_ISP_ALL,VIEW_DEPENDENCY
CREST_DATA_DEV.GTMC_MSDF_TRANSFORMATIONS.SALES_SUBNATIONAL_ISP_ALL_MSDF,CREST_DATA_DEV.GTMC_CREST.V_SALES_SUBNATIONAL_ISP_ALL,VIEW_DEPENDENCY
V_TEAM_TO_MARKETS_CANDIDATES,CREST_DATA_DEV.GTMC_CREST.V_TEAM_TO_MARKETS,VIEW_DEPENDENCY
CREST_DATA_DEV.GTMC_CREST.V_MARKET_DISEASE,CREST_DATA_DEV.GTMC_CREST.V_TEAM_TO_MARKETS,VIEW_DEPENDENCY
V_XREF_ADAPT_UKIE_PATIENT_SALES_TO_PRODUCT_ID_ISP_ALL,CREST_DATA_DEV.GTMC_ADAPT_TRANSFORMATIONS.V_XREF_ADAPT_UKIE_PATIENT_SALES_TO_MOLECULE_LIST,VIEW_DEPENDENCY
SHR_DF_MARKET_PROD.DF_MARKET_PROD_DMT_ONEPRODUCT.DT_ONEPRODUCT_PKPR,CREST_DATA_DEV.GTMC_ADAPT_TRANSFORMATIONS.V_XREF_ADAPT_UKIE_PATIENT_SALES_TO_MOLECULE_LIST,VIEW_DEPENDENCY
SHR_UKIE_CDW_PROD.UKIE_CDW_PROD_DMT_CDW_CREST.DMT_PATIENT_SALES,CREST_DATA_DEV.GTMC_ADAPT_TRANSFORMATIONS.V_XREF_ADAPT_UKIE_PATIENT_SALES_TO_MOLECULE_LIST,VIEW_DEPENDENCY
CREST_DATA_DEV.GTMC_MSDF_TRANSFORMATIONS.SALES_SUBNATIONAL_ISP_ALL_MSDF,CREST_DATA_DEV.GTMC_MSDF_TRANSFORMATIONS.V_CALENDAR_MSDF,VIEW_DEPENDENCY
SHR_DF_MARKET_UAT.DF_MARKET_UAT_DMT_SALES_MARKET_SN_CREST.CALENDAR,CREST_DATA_DEV.GTMC_MSDF_TRANSFORMATIONS.V_CALENDAR_MSDF,VIEW_DEPENDENCY
V_XREF_ADAPT_BR_TO_CUSTOMER,CREST_DATA_DEV.GTMC_ADAPT_TRANSFORMATIONS.V_CUSTOMER_ADAPT_BR,VIEW_DEPENDENCY
CREST_DATA_DEV.GTMC_ADAPT_TRANSFORMATIONS.V_XREF_ADAPT_LTM_GOB360_TO_CUSTOMER,CREST_DATA_DEV.GTMC_ADAPT_TRANSFORMATIONS.V_CUSTOMER_ADAPT_LTM,VIEW_DEPENDENCY
SHR_COMM_LTM_DEV.COMM_LTM_DEV_DMT_LTM.DMT_MX_GOB360_BASE,CREST_DATA_DEV.GTMC_ADAPT_TRANSFORMATIONS.V_INSTITUCION_TO_UNIDAD_MX_UNIQUE,VIEW_DEPENDENCY
SHR_DF_MARKET_UAT.DF_MARKET_UAT_DMT_SALES_MARKET_SN_CREST.MARKET,CREST_DATA_DEV.GTMC_ADAPT_TRANSFORMATIONS.V_PRODUCT_MARKET_ISP_ALL_ADAPT,VIEW_DEPENDENCY
PRODUCT_ISP_ALL_ADAPT,CREST_DATA_DEV.GTMC_ADAPT_TRANSFORMATIONS.V_PRODUCT_MARKET_ISP_ALL_ADAPT,VIEW_DEPENDENCY
CREST_DATA_DEV.GTMC_ADAPT_TRANSFORMATIONS.V_MARKET_PRODUCT_MARKET_ISP_ALL_ADAPT,CREST_DATA_DEV.GTMC_ADAPT_TRANSFORMATIONS.V_PRODUCT_MARKET_ISP_ALL_ADAPT,VIEW_DEPENDENCY
V_SALES_ORDER_ADAPT_UKIE,CREST_DATA_DEV.GTMC_ADAPT_TRANSFORMATIONS.V_SALES_ORDER_ADAPT,VIEW_DEPENDENCY
CREST_DATA_DEV.GTMC_ADAPT_TRANSFORMATIONS.PRODUCT_MARKET_ISP_ALL_ADAPT,CREST_DATA_DEV.GTMC_ADAPT_TRANSFORMATIONS.V_TEAM_TO_SANOFI_MARKETS_ADAPT_CANDIDATES,VIEW_DEPENDENCY
SHR_DF_MARKET_UAT.DF_MARKET_UAT_DMT_SALES_MARKET_SN_CREST.MARKET,CREST_DATA_DEV.GTMC_ADAPT_TRANSFORMATIONS.V_TEAM_TO_SANOFI_MARKETS_ADAPT_CANDIDATES,VIEW_DEPENDENCY
CREST_DATA_DEV.GTMC_CREST.V_TEAM_TO_BRAND_DISEASE,CREST_DATA_DEV.GTMC_ADAPT_TRANSFORMATIONS.V_TEAM_TO_SANOFI_MARKETS_ADAPT_CANDIDATES,VIEW_DEPENDENCY
CREST_DATA_DEV.GTMC_SANDBOX.V_TEAM_TO_BRAND_DISEASE,CREST_DATA_DEV.GTMC_ADAPT_TRANSFORMATIONS.V_TEAM_TO_SANOFI_MARKETS_ADAPT_CANDIDATES,VIEW_DEPENDENCY
SHR_COMM_BRA_PROD.COMM_BRA_PROD_DWH_PAP_IQVIA_ED.DWH_M_ED,CREST_DATA_DEV.GTMC_ADAPT_TRANSFORMATIONS.V_XREF_ADAPT_BR_TO_CHANNEL,VIEW_DEPENDENCY
SHR_DF_MARKET_UAT.DF_MARKET_UAT_DMT_SALES_MARKET_SN_CREST.CHANNEL,CREST_DATA_DEV.GTMC_ADAPT_TRANSFORMATIONS.V_XREF_ADAPT_BR_TO_CHANNEL,VIEW_DEPENDENCY
SHR_DF_MARKET_PROD.DF_MARKET_PROD_DMT_ONEPRODUCT.DT_ONEPRODUCT_PKPR,CREST_DATA_DEV.GTMC_ADAPT_TRANSFORMATIONS.V_XREF_ADAPT_BR_TO_LOCAL_BRAND,VIEW_DEPENDENCY
CREST_DATA_DEV.GTMC_CREST.V_XREF_BRAND_IDS_TO_LCL_BRND_IDS_ONEPRODUCT,CREST_DATA_DEV.GTMC_ADAPT_TRANSFORMATIONS.V_XREF_ADAPT_BR_TO_LOCAL_BRAND,VIEW_DEPENDENCY
SHR_COMM_BRA_PROD.COMM_BRA_PROD_DWH_PAP_IQVIA_ED.DWH_M_ED,CREST_DATA_DEV.GTMC_ADAPT_TRANSFORMATIONS.V_XREF_ADAPT_BR_TO_LOCAL_BRAND,VIEW_DEPENDENCY
SHR_DF_MARKET_UAT.DF_MARKET_UAT_DMT_SALES_MARKET_SN_CREST.PRODUCT_LOCAL_CODE,CREST_DATA_DEV.GTMC_ADAPT_TRANSFORMATIONS.V_XREF_ADAPT_BR_TO_LOCAL_BRAND,VIEW_DEPENDENCY
SHR_DF_MARKET_UAT.DF_MARKET_UAT_DMT_SALES_MARKET_SN_CREST.PRODUCT,CREST_DATA_DEV.GTMC_ADAPT_TRANSFORMATIONS.V_XREF_ADAPT_BR_TO_LOCAL_BRAND,VIEW_DEPENDENCY
CREST_DATA_DEV.GTMC_CREST.V_BRAND_LOCAL_NAME_ONEPRODUCT,CREST_DATA_DEV.GTMC_ADAPT_TRANSFORMATIONS.V_XREF_ADAPT_BR_TO_LOCAL_BRAND,VIEW_DEPENDENCY
V_XREF_ADAPT_BR_TO_SALES_AGGREGATION,CREST_DATA_DEV.GTMC_ADAPT_TRANSFORMATIONS.V_XREF_ADAPT_BR_TO_SALES_SUBNATIONAL_ISP_ALL,VIEW_DEPENDENCY
SHR_COMM_BRA_PROD.COMM_BRA_PROD_DWH_PAP_IQVIA_ED.DWH_M_ED,CREST_DATA_DEV.GTMC_ADAPT_TRANSFORMATIONS.V_XREF_ADAPT_BR_TO_SALES_SUBNATIONAL_ISP_ALL,VIEW_DEPENDENCY
V_XREF_ADAPT_BR_TO_PRODUCT_ID_ISP_ALL,CREST_DATA_DEV.GTMC_ADAPT_TRANSFORMATIONS.V_XREF_ADAPT_BR_TO_SALES_SUBNATIONAL_ISP_ALL,VIEW_DEPENDENCY
V_XREF_ADAPT_BR_TO_CHANNEL,CREST_DATA_DEV.GTMC_ADAPT_TRANSFORMATIONS.V_XREF_ADAPT_BR_TO_SALES_SUBNATIONAL_ISP_ALL,VIEW_DEPENDENCY
V_XREF_ADAPT_BR_TO_CALENDAR,CREST_DATA_DEV.GTMC_ADAPT_TRANSFORMATIONS.V_XREF_ADAPT_BR_TO_SALES_SUBNATIONAL_ISP_ALL,VIEW_DEPENDENCY
V_XREF_ADAPT_BR_TO_CUSTOMER,CREST_DATA_DEV.GTMC_ADAPT_TRANSFORMATIONS.V_XREF_ADAPT_BR_TO_SALES_SUBNATIONAL_ISP_ALL,VIEW_DEPENDENCY
V_XREF_ADAPT_BR_TO_GEOGRAPHY_SUBNATIONAL,CREST_DATA_DEV.GTMC_ADAPT_TRANSFORMATIONS.V_XREF_ADAPT_BR_TO_SALES_SUBNATIONAL_ISP_ALL,VIEW_DEPENDENCY
CREST_DATA_DEV.GTMC_MSDF_TRANSFORMATIONS.V_CUSTOMER_MSDF,CREST_DATA_DEV.GTMC_CREST.V_CUSTOMER,VIEW_DEPENDENCY
CREST_DATA_DEV.GTMC_ADAPT_TRANSFORMATIONS.V_CUSTOMER_ADAPT,CREST_DATA_DEV.GTMC_CREST.V_CUSTOMER,VIEW_DEPENDENCY
SHR_DF_MARKET_PROD.DF_MARKET_PROD_DMT_ONEPRODUCT.DT_ONEPRODUCT_PKPR,CREST_DATA_DEV.GTMC_CREST.V_XREF_BRAND_IDS_TO_HRMZD_LCL_BRND_IDS_ONEPRODUCT,VIEW_DEPENDENCY
V_XREF_ADAPT_UKIE_PATIENT_SALES_TO_CUSTOMER,CREST_DATA_DEV.GTMC_ADAPT_TRANSFORMATIONS.V_CUSTOMER_ADAPT_UKIE,VIEW_DEPENDENCY
V_XREF_ADAPT_UKIE_TFT_SOCIAL_TO_CUSTOMER,CREST_DATA_DEV.GTMC_ADAPT_TRANSFORMATIONS.V_CUSTOMER_ADAPT_UKIE,VIEW_DEPENDENCY
CREST_DATA_DEV.GTMC_ADAPT_TRANSFORMATIONS.V_XREF_ADAPT_UKIE_TFT_SOCIAL_TO_SALES_SUBNATIONAL_ISP_ALL,CREST_DATA_DEV.GTMC_ADAPT_TRANSFORMATIONS.V_SALES_SUBNATIONAL_ISP_ALL_ADAPT_UKIE,VIEW_DEPENDENCY
CREST_DATA_DEV.GTMC_ADAPT_TRANSFORMATIONS.V_XREF_ADAPT_UKIE_PATIENT_SALES_TO_SALES_SUBNATIONAL_ISP_ALL,CREST_DATA_DEV.GTMC_ADAPT_TRANSFORMATIONS.V_SALES_SUBNATIONAL_ISP_ALL_ADAPT_UKIE,VIEW_DEPENDENCY
SHR_COMM_BRA_PROD.COMM_BRA_PROD_DWH_PAP_IQVIA_ED.DWH_M_ED,CREST_DATA_DEV.GTMC_ADAPT_TRANSFORMATIONS.V_XREF_ADAPT_BR_TO_HARMONIZED_GLOBAL_PRODUCT,VIEW_DEPENDENCY
CREST_DATA_DEV.GTMC_CREST.V_XREF_HRMZD_LCL_BRAND_IDS_TO_HRMZD_GBL_BRND_IDS_ONEPRODUCT,CREST_DATA_DEV.GTMC_ADAPT_TRANSFORMATIONS.V_XREF_ADAPT_BR_TO_HARMONIZED_GLOBAL_PRODUCT,VIEW_DEPENDENCY
V_XREF_ADAPT_BR_TO_HARMONIZED_LOCAL_BRAND,CREST_DATA_DEV.GTMC_ADAPT_TRANSFORMATIONS.V_XREF_ADAPT_BR_TO_HARMONIZED_GLOBAL_PRODUCT,VIEW_DEPENDENCY
CREST_DATA_DEV.GTMC_CREST.V_HARMONIZED_GLOBAL_PRODUCT_ONEPRODUCT,CREST_DATA_DEV.GTMC_ADAPT_TRANSFORMATIONS.V_XREF_ADAPT_BR_TO_HARMONIZED_GLOBAL_PRODUCT,VIEW_DEPENDENCY
SHR_DF_MARKET_PROD.DF_MARKET_PROD_DMT_ONEPRODUCT.DT_ONEPRODUCT_PKPR,CREST_DATA_DEV.GTMC_ADAPT_TRANSFORMATIONS.V_XREF_ADAPT_LTM_GOB360_TO_HARMONIZED_GLOBAL_PRODUCT,VIEW_DEPENDENCY
V_XREF_ADAPT_LTM_GOB360_TO_BRAND,CREST_DATA_DEV.GTMC_ADAPT_TRANSFORMATIONS.V_XREF_ADAPT_LTM_GOB360_TO_HARMONIZED_GLOBAL_PRODUCT,VIEW_DEPENDENCY
SHR_COMM_LTM_DEV.COMM_LTM_DEV_DMT_LTM.DMT_MX_GOB360_BASE,CREST_DATA_DEV.GTMC_ADAPT_TRANSFORMATIONS.V_XREF_ADAPT_LTM_GOB360_TO_HARMONIZED_GLOBAL_PRODUCT,VIEW_DEPENDENCY
DMT_MX_DDD_BASE_WIDE,CREST_DATA_DEV.GTMC_ADAPT_TRANSFORMATIONS.V_XREF_ADAPT_LTM_MX_DDD_BASE_WIDE_TO_CALENDAR,VIEW_DEPENDENCY
V_XREF_ADAPT_UKIE_PATIENT_SALES_TO_PRODUCT_ID_ISP_ALL,CREST_DATA_DEV.GTMC_ADAPT_TRANSFORMATIONS.V_XREF_ADAPT_UKIE_PATIENT_SALES_TO_ATC4,VIEW_DEPENDENCY
SHR_DF_MARKET_PROD.DF_MARKET_PROD_DMT_ONEPRODUCT.DT_ONEPRODUCT_PKPR,CREST_DATA_DEV.GTMC_ADAPT_TRANSFORMATIONS.V_XREF_ADAPT_UKIE_PATIENT_SALES_TO_ATC4,VIEW_DEPENDENCY
SHR_UKIE_CDW_PROD.UKIE_CDW_PROD_DMT_CDW_CREST.DMT_PATIENT_SALES,CREST_DATA_DEV.GTMC_ADAPT_TRANSFORMATIONS.V_XREF_ADAPT_UKIE_PATIENT_SALES_TO_ATC4,VIEW_DEPENDENCY
SHR_DF_MARKET_PROD.DF_MARKET_PROD_DMT_ONEPRODUCT.DT_ONEPRODUCT_PKPR,CREST_DATA_DEV.GTMC_ADAPT_TRANSFORMATIONS.V_XREF_ADAPT_UKIE_PATIENT_SALES_TO_PRODUCT_ID_ISP_ALL,VIEW_DEPENDENCY
SHR_UKIE_CDW_PROD.UKIE_CDW_PROD_DMT_CDW_CREST.DMT_PATIENT_SALES,CREST_DATA_DEV.GTMC_ADAPT_TRANSFORMATIONS.V_XREF_ADAPT_UKIE_PATIENT_SALES_TO_PRODUCT_ID_ISP_ALL,VIEW_DEPENDENCY
CREST_DATA_DEV.GTMC_CREST.PRODUCT_MARKET_ISP_ALL,CREST_DATA_DEV.GTMC_CREST.V_TEAM_SOURCE_MARKET_TO_REFERENCE_MEASURES,VIEW_DEPENDENCY
CREST_DATA_DEV.GTMC_CREST.TEAM_TO_MARKETS,CREST_DATA_DEV.GTMC_CREST.V_TEAM_SOURCE_MARKET_TO_REFERENCE_MEASURES,VIEW_DEPENDENCY
SHR_DF_MARKET_PROD.DF_MARKET_PROD_DMT_ONEPRODUCT.DT_ONEPRODUCT_CE,CREST_DATA_DEV.GTMC_CREST.V_TEAM_TO_BRAND_DISEASE_CANDIDATES,VIEW_DEPENDENCY
SHR_DF_CI_PROD.DF_CI_PROD_DMT_CIA_CREST.DIM_BRAND,CREST_DATA_DEV.GTMC_CREST.V_TEAM_TO_BRAND_DISEASE_CANDIDATES,VIEW_DEPENDENCY
SHR_DF_CI_PROD.DF_CI_PROD_DMT_CIA_CREST.DIM_TEAM_TERRITORY,CREST_DATA_DEV.GTMC_CREST.V_TEAM_TO_BRAND_DISEASE_CANDIDATES,VIEW_DEPENDENCY
SHR_DF_CI_PROD.DF_CI_PROD_DMT_CIA_CREST.DIM_TEAM,CREST_DATA_DEV.GTMC_CREST.V_TEAM_TO_BRAND_DISEASE_CANDIDATES,VIEW_DEPENDENCY
SHR_DF_CI_PROD.DF_CI_PROD_DMT_CIA_CREST.DIM_BRAND_DISEASE,CREST_DATA_DEV.GTMC_CREST.V_TEAM_TO_BRAND_DISEASE_CANDIDATES,VIEW_DEPENDENCY
SHR_DF_CI_PROD.DF_CI_PROD_DMT_CIA_CREST.DIM_TERRITORY_BRAND,CREST_DATA_DEV.GTMC_CREST.V_TEAM_TO_BRAND_DISEASE_CANDIDATES,VIEW_DEPENDENCY
V_TEAM_OCCP_BRAND_DISEASES,CREST_DATA_DEV.GTMC_CREST.V_TEAM_TO_BRAND_DISEASE_CANDIDATES,VIEW_DEPENDENCY
SHR_DF_MARKET_PROD.DF_MARKET_PROD_DMT_SALES_MARKET_SN_CREST.COUNTRY_HIERARCHY,CREST_DATA_DEV.GTMC_CREST.V_TEAM_TO_BRAND_DISEASE_CANDIDATES,VIEW_DEPENDENCY
CREST_DATA_DEV.GTMC_MSDF_TRANSFORMATIONS.V_PRODUCT_ISP_ALL_MSDF,CREST_DATA_DEV.GTMC_MSDF_TRANSFORMATIONS.V_MARKET_PRODUCT_MARKET_ISP_ALL_MSDF,VIEW_DEPENDENCY
CREST_DATA_DEV.GTMC_MSDF_TRANSFORMATIONS.V_MARKET_PRODUCT_MARKET_ISP_ALL_INTERIM,CREST_DATA_DEV.GTMC_MSDF_TRANSFORMATIONS.V_MARKET_PRODUCT_MARKET_ISP_ALL_MSDF,VIEW_DEPENDENCY
CREST_DATA_DEV.GTMC_MSDF_TRANSFORMATIONS.V_XREF_MOLECULE_LIST_HARMONIZED_GLOBAL_PRODUCT_TO_WW_MARKETS_DUPLICATE,CREST_DATA_DEV.GTMC_MSDF_TRANSFORMATIONS.V_MARKET_PRODUCT_MARKET_ISP_ALL_MSDF,VIEW_DEPENDENCY
CREST_DATA_DEV.GTMC_MSDF_TRANSFORMATIONS.V_XREF_MOLECULE_LIST_ATC_CLSF_CD_TO_WW_MARKETS_UNIQUE,CREST_DATA_DEV.GTMC_MSDF_TRANSFORMATIONS.V_MARKET_PRODUCT_MARKET_ISP_ALL_MSDF,VIEW_DEPENDENCY
CREST_DATA_DEV.GTMC_MSDF_TRANSFORMATIONS.PRODUCT_ISP_ALL_MSDF,CREST_DATA_DEV.GTMC_MSDF_TRANSFORMATIONS.V_MARKET_PRODUCT_MARKET_ISP_ALL_MSDF,VIEW_DEPENDENCY
CREST_DATA_DEV.GTMC_MSDF_TRANSFORMATIONS.V_XREF_MOLECULE_LIST_HARMONIZED_GLOBAL_PRODUCT_TO_WW_MARKETS_UNIQUE,CREST_DATA_DEV.GTMC_MSDF_TRANSFORMATIONS.V_MARKET_PRODUCT_MARKET_ISP_ALL_MSDF,VIEW_DEPENDENCY
SHR_DF_MARKET_PROD.DF_MARKET_PROD_DMT_ONEPRODUCT.DT_ONEPRODUCT_PKPR,CREST_DATA_DEV.GTMC_MSDF_TRANSFORMATIONS.V_PRODUCT_ISP_ALL_MDM_PRODUCTS,VIEW_DEPENDENCY
CREST_DATA_DEV.GTMC_MSDF_TRANSFORMATIONS.V_VALIDATED_HARMONIZED_GLOBAL_PRODUCTS,CREST_DATA_DEV.GTMC_MSDF_TRANSFORMATIONS.V_PRODUCT_ISP_ALL_MDM_PRODUCTS,VIEW_DEPENDENCY
CREST_DATA_DEV.GTMC_MSDF_TRANSFORMATIONS.V_XREF_BRAND_IDS_TO_ATC_CLSF_CDS,CREST_DATA_DEV.GTMC_MSDF_TRANSFORMATIONS.V_PRODUCT_ISP_ALL_MDM_PRODUCTS,VIEW_DEPENDENCY
SHR_DF_MARKET_PROD.DF_MARKET_PROD_DMT_SALES_MARKET_SN_CREST.SALES_SUBNATIONAL_ISP_ALL,CREST_DATA_DEV.GTMC_MSDF_TRANSFORMATIONS.V_PRODUCT_ISP_ALL_MDM_PRODUCTS,VIEW_DEPENDENCY
CREST_DATA_DEV.GTMC_MSDF_TRANSFORMATIONS.V_PRODUCT_ISP_ALL_INTERIM,CREST_DATA_DEV.GTMC_MSDF_TRANSFORMATIONS.V_PRODUCT_ISP_ALL_MDM_PRODUCTS,VIEW_DEPENDENCY
SHR_DF_MARKET_UAT.DF_MARKET_UAT_DMT_SALES_MARKET_SN_CREST.PRODUCT_ISP_ALL,CREST_DATA_DEV.GTMC_MSDF_TRANSFORMATIONS.V_PRODUCT_ISP_ALL_MDM_PRODUCTS,VIEW_DEPENDENCY
CREST_DATA_DEV.GTMC_MSDF_TRANSFORMATIONS.V_XREF_HARMONIZED_LOCAL_BRANDS_TO_ATC_CLSF_CDS,CREST_DATA_DEV.GTMC_MSDF_TRANSFORMATIONS.V_PRODUCT_ISP_ALL_MDM_PRODUCTS,VIEW_DEPENDENCY
SHR_DF_MARKET_PROD.DF_MARKET_PROD_DMT_ONEPRODUCT.DT_ONEPRODUCT_PKPR,CREST_DATA_DEV.GTMC_MSDF_TRANSFORMATIONS.V_PRODUCT_ISP_ALL_NON_MDM_PRODUCTS_WO_BRND_NAMES_NON_NHS,VIEW_DEPENDENCY
CREST_DATA_DEV.GTMC_MSDF_TRANSFORMATIONS.V_XREF_BRAND_IDS_TO_ATC_CLSF_CDS,CREST_DATA_DEV.GTMC_MSDF_TRANSFORMATIONS.V_PRODUCT_ISP_ALL_NON_MDM_PRODUCTS_WO_BRND_NAMES_NON_NHS,VIEW_DEPENDENCY
SHR_DF_MARKET_UAT.DF_MARKET_UAT_DMT_SALES_MARKET_SN_CREST.SALES_SUBNATIONAL_ISP_ALL,CREST_DATA_DEV.GTMC_MSDF_TRANSFORMATIONS.V_PRODUCT_ISP_ALL_NON_MDM_PRODUCTS_WO_BRND_NAMES_NON_NHS,VIEW_DEPENDENCY
CREST_DATA_DEV.GTMC_MSDF_TRANSFORMATIONS.V_PRODUCT_ISP_ALL_INTERIM,CREST_DATA_DEV.GTMC_MSDF_TRANSFORMATIONS.V_PRODUCT_ISP_ALL_NON_MDM_PRODUCTS_WO_BRND_NAMES_NON_NHS,VIEW_DEPENDENCY
SHR_DF_MARKET_UAT.DF_MARKET_UAT_DMT_SALES_MARKET_SN_CREST.PRODUCT_ISP_ALL,CREST_DATA_DEV.GTMC_MSDF_TRANSFORMATIONS.V_PRODUCT_ISP_ALL_NON_MDM_PRODUCTS_WO_BRND_NAMES_NON_NHS,VIEW_DEPENDENCY
SHR_DF_MARKET_PROD.DF_MARKET_PROD_DMT_SALES_MARKET_SN_CREST.PRODUCT_ISP_ALL,CREST_DATA_DEV.GTMC_MSDF_TRANSFORMATIONS.V_PRODUCT_ISP_ALL_NON_MDM_PRODUCTS_WO_BRND_NAMES_NON_NHS,VIEW_DEPENDENCY
CREST_DATA_DEV.GTMC_MSDF_TRANSFORMATIONS.V_XREF_HARMONIZED_LOCAL_BRANDS_TO_ATC_CLSF_CDS,CREST_DATA_DEV.GTMC_MSDF_TRANSFORMATIONS.V_PRODUCT_ISP_ALL_NON_MDM_PRODUCTS_WO_BRND_NAMES_NON_NHS,VIEW_DEPENDENCY
PRODUCT_ISP_ALL_MSDF,CREST_DATA_DEV.GTMC_MSDF_TRANSFORMATIONS.V_SALES_SUBNATIONAL_ISP_ALL_MSDF,VIEW_DEPENDENCY
SHR_DF_MARKET_PROD.DF_MARKET_PROD_DMT_SALES_MARKET_SN_CREST.SALES_SUBNATIONAL_ISP_ALL,CREST_DATA_DEV.GTMC_MSDF_TRANSFORMATIONS.V_SALES_SUBNATIONAL_ISP_ALL_MSDF,VIEW_DEPENDENCY
GTMC_SANDBOX.V_MARKET_HARMONIZED_GLOBAL_PRODUCT_MSDF,CREST_DATA_DEV.GTMC_MSDF_TRANSFORMATIONS.V_XREF_ATC_CLSF_CD_TO_WW_MARKETS_DUPLICATE,VIEW_DEPENDENCY
CREST_DATA_DEV.GTMC_SANDBOX.V_XREF_MOLECULE_LIST_ATC_CLSF_CD_TO_WW_MARKETS_UNIQUE,CREST_DATA_DEV.GTMC_MSDF_TRANSFORMATIONS.V_XREF_MOLECULE_LIST_HARMONIZED_GLOBAL_PRODUCT_TO_WW_MARKETS_DUPLICATE,VIEW_DEPENDENCY
CREST_DATA_DEV.GTMC_SANDBOX.V_MARKET_HARMONIZED_GLOBAL_PRODUCT_MSDF,CREST_DATA_DEV.GTMC_MSDF_TRANSFORMATIONS.V_XREF_MOLECULE_LIST_HARMONIZED_GLOBAL_PRODUCT_TO_WW_MARKETS_DUPLICATE,VIEW_DEPENDENCY
SHR_COMM_LTM_DEV.COMM_LTM_DEV_DMT_LTM.DMT_LTM_COPAC,CREST_DATA_DEV.GTMC_ADAPT_TRANSFORMATIONS.V_XREF_ADAPT_LATAM_TO_MOLECULE_LIST,VIEW_DEPENDENCY
CREST_DATA_DEV.GTMC_CREST.V_DT_ONEPRODUCT_PKPR_ENHANCED,CREST_DATA_DEV.GTMC_ADAPT_TRANSFORMATIONS.V_XREF_ADAPT_LATAM_TO_MOLECULE_LIST,VIEW_DEPENDENCY
SHR_UKIE_CDW_PROD.UKIE_CDW_PROD_DMT_CDW_CREST.DMT_TLU_PRODUCT,CREST_DATA_DEV.GTMC_ADAPT_TRANSFORMATIONS.V_XREF_ADAPT_UKIE_TFT_SOCIAL_TO_BRAND,VIEW_DEPENDENCY
SHR_DF_MARKET_PROD.DF_MARKET_PROD_DMT_ONEPRODUCT.DT_ONEPRODUCT_PKPR,CREST_DATA_DEV.GTMC_ADAPT_TRANSFORMATIONS.V_XREF_ADAPT_UKIE_TFT_SOCIAL_TO_BRAND,VIEW_DEPENDENCY
CREST_DATA_DEV.GTMC_SANDBOX.TFT_SALES_CEP_DAY_FOCUSED_SOCIAL,CREST_DATA_DEV.GTMC_ADAPT_TRANSFORMATIONS.V_XREF_ADAPT_UKIE_TFT_SOCIAL_TO_BRAND,VIEW_DEPENDENCY
SHR_UKIE_CDW_PROD.UKIE_CDW_PROD_DMT_CDW_CREST.DMT_TFT_SALES_CEP_DAY,CREST_DATA_DEV.GTMC_ADAPT_TRANSFORMATIONS.V_XREF_ADAPT_UKIE_TFT_SOCIAL_TO_BRAND,VIEW_DEPENDENCY
SHR_DF_CI_PROD.DF_CI_PROD_DMT_CIA_CREST.DIM_HCO,CREST_DATA_DEV.GTMC_CREST.V_CE_GEO_STATES,VIEW_DEPENDENCY
CREST_DATA_DEV.GTMC_XFOUNDATION_XREFERENCES.V_XREF_MARKET_IDS_TO_GLOBAL_DISEASE_CD_LIST,CREST_DATA_DEV.GTMC_CREST.V_MARKET,VIEW_DEPENDENCY
SHR_DF_MARKET_UAT.DF_MARKET_UAT_DMT_SALES_MARKET_SN_CREST.MARKET,CREST_DATA_DEV.GTMC_CREST.V_MARKET,VIEW_DEPENDENCY
SHR_DF_MARKET_PROD.DF_MARKET_PROD_DMT_ONEPRODUCT.DT_ONEPRODUCT_PKPR,CREST_DATA_DEV.GTMC_CREST.V_XREF_BRAND_IDS_TO_LCL_BRND_IDS_ONEPRODUCT,VIEW_DEPENDENCY
SHR_DF_CI_PROD.DF_CI_PROD_DMT_CIA_CREST.DIM_TERRITORY,CREST_DATA_DEV.GTMC_MSDF_TRANSFORMATIONS.V_CRM_GEO_HIERARCHY_MSDF,VIEW_DEPENDENCY
SHR_DF_CI_PROD.DF_CI_PROD_DMT_CIA_CREST.DIM_TEAM_TERRITORY,CREST_DATA_DEV.GTMC_MSDF_TRANSFORMATIONS.V_CRM_GEO_HIERARCHY_MSDF,VIEW_DEPENDENCY
SHR_DF_CI_PROD.DF_CI_PROD_DMT_CIA_CREST.DIM_TEAM,CREST_DATA_DEV.GTMC_MSDF_TRANSFORMATIONS.V_CRM_GEO_HIERARCHY_MSDF,VIEW_DEPENDENCY
SHR_DF_MARKET_PROD.DF_MARKET_PROD_DMT_SALES_MARKET_SN_CREST.CRM_GEO_HIERARCHY,CREST_DATA_DEV.GTMC_MSDF_TRANSFORMATIONS.V_CRM_GEO_HIERARCHY_MSDF,VIEW_DEPENDENCY
SHR_DF_CI_PROD.DF_CI_PROD_DMT_CIA_CREST.DIM_TERRITORY_HIERARCHY,CREST_DATA_DEV.GTMC_MSDF_TRANSFORMATIONS.V_CRM_GEO_HIERARCHY_MSDF,VIEW_DEPENDENCY
CREST_DATA_DEV.GTMC_MSDF_TRANSFORMATIONS.SALES_SUBNATIONAL_ISP_ALL_MSDF,CREST_DATA_DEV.GTMC_MSDF_TRANSFORMATIONS.V_CUSTOMER_MSDF,VIEW_DEPENDENCY
SHR_DF_MARKET_PROD.DF_MARKET_PROD_DMT_SALES_MARKET_SN_CREST.CUSTOMER,CREST_DATA_DEV.GTMC_MSDF_TRANSFORMATIONS.V_CUSTOMER_MSDF,VIEW_DEPENDENCY
SHR_DF_MARKET_PROD.DF_MARKET_PROD_DMT_ONEPRODUCT.DT_ONEPRODUCT_PKPR,CREST_DATA_DEV.GTMC_MSDF_TRANSFORMATIONS.V_XREF_BRAND_MOLECULE_LISTS_TO_ATC_CLSF_CDS,VIEW_DEPENDENCY
CREST_DATA_DEV.GTMC_CREST.GEOGRAPHY_SUBNATIONAL,CREST_DATA_DEV.GTMC_XFOUNDATION_XREFERENCES.V_XREF_MSDF_BRICK_TO_CE_BRICK,VIEW_DEPENDENCY
SHR_DF_CI_PROD.DF_CI_PROD_DMT_CIA_CREST.DIM_BRICK,CREST_DATA_DEV.GTMC_XFOUNDATION_XREFERENCES.V_XREF_MSDF_BRICK_TO_CE_BRICK,VIEW_DEPENDENCY
SHR_COMM_LTM_DEV.COMM_LTM_DEV_DMT_LTM.DMT_MX_AR_DDD_BASE,CREST_DATA_DEV.GTMC_ADAPT_TRANSFORMATIONS.DMT_MX_DDD_BASE_WIDE,VIEW_DEPENDENCY
CREST_DATA_DEV.GTMC_ADAPT_TRANSFORMATIONS.V_XREF_ADAPT_BR_TO_CALENDAR,CREST_DATA_DEV.GTMC_ADAPT_TRANSFORMATIONS.V_CALENDAR_ADAPT_BR,VIEW_DEPENDENCY
V_XREF_ADAPT_UKIE_PATIENT_SALES_TO_CHANNEL,CREST_DATA_DEV.GTMC_ADAPT_TRANSFORMATIONS.V_CHANNEL_ADAPT_UKIE,VIEW_DEPENDENCY
V_XREF_ADAPT_UKIE_TFT_SOCIAL_TO_CHANNEL,CREST_DATA_DEV.GTMC_ADAPT_TRANSFORMATIONS.V_CHANNEL_ADAPT_UKIE,VIEW_DEPENDENCY
SHR_UKIE_CDW_PROD.UKIE_CDW_PROD_DMT_CDW_CREST.DMT_PATIENTS,CREST_DATA_DEV.GTMC_ADAPT_TRANSFORMATIONS.V_PATIENT_ADAPT_UKIE,VIEW_DEPENDENCY
SHR_DF_MARKET_PROD.DF_MARKET_PROD_DMT_ONEPRODUCT.DT_ONEPRODUCT_PKPR,CREST_DATA_DEV.GTMC_ADAPT_TRANSFORMATIONS.V_PATIENT_ADAPT_UKIE,VIEW_DEPENDENCY
V_PRODUCT_ISP_ALL_ADAPT_UKIE_PATIENT_SALES,CREST_DATA_DEV.GTMC_ADAPT_TRANSFORMATIONS.V_PRODUCT_ISP_ALL_ADAPT_UKIE,VIEW_DEPENDENCY
V_PRODUCT_ISP_ALL_ADAPT_UKIE_TFT_SOCIAL,CREST_DATA_DEV.GTMC_ADAPT_TRANSFORMATIONS.V_PRODUCT_ISP_ALL_ADAPT_UKIE,VIEW_DEPENDENCY
SHR_DF_MARKET_PROD.DF_MARKET_PROD_DMT_ONEPRODUCT.DT_ONEPRODUCT_PKPR,CREST_DATA_DEV.GTMC_ADAPT_TRANSFORMATIONS.V_XREF_ADAPT_LTM_GOB360_TO_HARMONIZED_LOCAL_BRAND,VIEW_DEPENDENCY
V_XREF_ADAPT_LTM_GOB360_TO_BRAND,CREST_DATA_DEV.GTMC_ADAPT_TRANSFORMATIONS.V_XREF_ADAPT_LTM_GOB360_TO_HARMONIZED_LOCAL_BRAND,VIEW_DEPENDENCY
SHR_COMM_LTM_DEV.COMM_LTM_DEV_DMT_LTM.DMT_MX_GOB360_BASE,CREST_DATA_DEV.GTMC_ADAPT_TRANSFORMATIONS.V_XREF_ADAPT_LTM_GOB360_TO_HARMONIZED_LOCAL_BRAND,VIEW_DEPENDENCY
SHR_DF_MARKET_PROD.DF_MARKET_PROD_DMT_ONEPRODUCT.DT_ONEPRODUCT_PKPR,CREST_DATA_DEV.GTMC_MSDF_TRANSFORMATIONS.V_XREF_BRAND_IDS_TO_ATC_CLSF_CDS,VIEW_DEPENDENCY
CREST_DATA_DEV.GTMC_ADAPT_TRANSFORMATIONS.V_XREF_ADAPT_BR_TO_LOCAL_MANUFACTURER,CREST_DATA_DEV.GTMC_ADAPT_TRANSFORMATIONS.V_PRODUCT_ISP_ALL_ADAPT_BR,VIEW_DEPENDENCY
CREST_DATA_DEV.GTMC_ADAPT_TRANSFORMATIONS.V_XREF_ADAPT_BR_TO_ATC4,CREST_DATA_DEV.GTMC_ADAPT_TRANSFORMATIONS.V_PRODUCT_ISP_ALL_ADAPT_BR,VIEW_DEPENDENCY
SHR_COMM_BRA_PROD.COMM_BRA_PROD_DWH_PAP_IQVIA_ED.DWH_M_ED,CREST_DATA_DEV.GTMC_ADAPT_TRANSFORMATIONS.V_PRODUCT_ISP_ALL_ADAPT_BR,VIEW_DEPENDENCY
CREST_DATA_DEV.GTMC_ADAPT_TRANSFORMATIONS.V_XREF_ADAPT_BR_TO_MSDF_BRAND_HIERARCHY,CREST_DATA_DEV.GTMC_ADAPT_TRANSFORMATIONS.V_PRODUCT_ISP_ALL_ADAPT_BR,VIEW_DEPENDENCY
CREST_DATA_DEV.GTMC_ADAPT_TRANSFORMATIONS.V_XREF_ADAPT_BR_TO_MSDF_BRANDS,CREST_DATA_DEV.GTMC_ADAPT_TRANSFORMATIONS.V_PRODUCT_ISP_ALL_ADAPT_BR,VIEW_DEPENDENCY
CREST_DATA_DEV.GTMC_ADAPT_TRANSFORMATIONS.V_XREF_ADAPT_BR_TO_PRODUCT_ID_ISP_ALL,CREST_DATA_DEV.GTMC_ADAPT_TRANSFORMATIONS.V_PRODUCT_ISP_ALL_ADAPT_BR,VIEW_DEPENDENCY
CREST_DATA_DEV.GTMC_ADAPT_TRANSFORMATIONS.V_XREF_ADAPT_BR_TO_BRAND,CREST_DATA_DEV.GTMC_ADAPT_TRANSFORMATIONS.V_PRODUCT_ISP_ALL_ADAPT_BR,VIEW_DEPENDENCY
CREST_DATA_DEV.GTMC_ADAPT_TRANSFORMATIONS.V_XREF_ADAPT_BR_TO_MOLECULE_LIST,CREST_DATA_DEV.GTMC_ADAPT_TRANSFORMATIONS.V_PRODUCT_ISP_ALL_ADAPT_BR,VIEW_DEPENDENCY
CREST_DATA_DEV.GTMC_ADAPT_TRANSFORMATIONS.V_XREF_ADAPT_BR_TO_LOCAL_BRAND,CREST_DATA_DEV.GTMC_ADAPT_TRANSFORMATIONS.V_PRODUCT_ISP_ALL_ADAPT_BR,VIEW_DEPENDENCY
CREST_DATA_DEV.GTMC_ADAPT_TRANSFORMATIONS.V_XREF_ADAPT_BR_TO_GLOBAL_CORPORATION,CREST_DATA_DEV.GTMC_ADAPT_TRANSFORMATIONS.V_PRODUCT_ISP_ALL_ADAPT_BR,VIEW_DEPENDENCY
CREST_DATA_DEV.GTMC_ADAPT_TRANSFORMATIONS.V_XREF_ADAPT_BR_TO_SALES_AGGREGATION,CREST_DATA_DEV.GTMC_ADAPT_TRANSFORMATIONS.V_SALES_AGGREGATION_ADAPT_BR,VIEW_DEPENDENCY
CREST_DATA_DEV.GTMC_ADAPT_TRANSFORMATIONS.V_XREF_ADAPT_BR_TO_SALES_SUBNATIONAL_ISP_ALL,CREST_DATA_DEV.GTMC_ADAPT_TRANSFORMATIONS.V_SALES_SUBNATIONAL_ISP_ALL_ADAPT_BR,VIEW_DEPENDENCY
SHR_UKIE_CDW_PROD.UKIE_CDW_PROD_DMT_CDW_CREST.DMT_TLU_PRODUCT,CREST_DATA_DEV.GTMC_ADAPT_TRANSFORMATIONS.V_XREF_ADAPT_UKIE_TFT_SOCIAL_TO_MOLECULE_LIST,VIEW_DEPENDENCY
SHR_DF_MARKET_PROD.DF_MARKET_PROD_DMT_ONEPRODUCT.DT_ONEPRODUCT_PKPR,CREST_DATA_DEV.GTMC_ADAPT_TRANSFORMATIONS.V_XREF_ADAPT_UKIE_TFT_SOCIAL_TO_MOLECULE_LIST,VIEW_DEPENDENCY
CREST_DATA_DEV.GTMC_SANDBOX.TFT_SALES_CEP_DAY_FOCUSED_SOCIAL,CREST_DATA_DEV.GTMC_ADAPT_TRANSFORMATIONS.V_XREF_ADAPT_UKIE_TFT_SOCIAL_TO_MOLECULE_LIST,VIEW_DEPENDENCY
SHR_UKIE_CDW_PROD.UKIE_CDW_PROD_DMT_CDW_CREST.DMT_TFT_SALES_CEP_DAY,CREST_DATA_DEV.GTMC_ADAPT_TRANSFORMATIONS.V_XREF_ADAPT_UKIE_TFT_SOCIAL_TO_MOLECULE_LIST,VIEW_DEPENDENCY
SHR_DF_MARKET_PROD.DF_MARKET_PROD_DMT_ONEPRODUCT.DT_ONEPRODUCT_PKPR,CREST_DATA_DEV.GTMC_ADAPT_TRANSFORMATIONS.V_XREF_MOLECULE_LIST_TO_LCL_MANUFACTURER_MX_UNIQUE,VIEW_DEPENDENCY
SHR_DF_MARKET_PROD.DF_MARKET_PROD_DMT_ONEPRODUCT.DT_ONEPRODUCT_PKPR,CREST_DATA_DEV.GTMC_CREST.V_BRAND_LOCAL_NAME_ONEPRODUCT,VIEW_DEPENDENCY
SHR_DF_MARKET_PROD.DF_MARKET_PROD_DMT_ONEPRODUCT.DT_ONEPRODUCT_PKPR,CREST_DATA_DEV.GTMC_CREST.V_DT_ONEPRODUCT_PKPR_ENHANCED,VIEW_DEPENDENCY
SHR_DF_MARKET_PROD.DF_MARKET_PROD_DMT_ONEPRODUCT.DT_ONEPRODUCT_PKPR,CREST_DATA_DEV.GTMC_CREST.V_LOCAL_MANUFACTURER_ONEPRODUCT,VIEW_DEPENDENCY
SHR_DF_MARKET_UAT.DF_MARKET_UAT_DMT_SALES_MARKET_SN_CREST.SOURCE,CREST_DATA_DEV.GTMC_CREST.V_SOURCE,VIEW_DEPENDENCY
CREST_DATA_DEV.GTMC_ADAPT_TRANSFORMATIONS.V_SOURCE_ADAPT,CREST_DATA_DEV.GTMC_CREST.V_SOURCE,VIEW_DEPENDENCY
SHR_DF_MARKET_PROD.DF_MARKET_PROD_DMT_ONEPRODUCT.DT_ONEPRODUCT_PKPR,CREST_DATA_DEV.GTMC_CREST.V_XREF_HRMZD_LCL_BRAND_IDS_TO_HRMZD_GBL_BRND_IDS_ONEPRODUCT,VIEW_DEPENDENCY
V_PRODUCT_ISP_ALL_ADAPT_LTM_MX_DDD_BASE_WIDE,CREST_DATA_DEV.GTMC_ADAPT_TRANSFORMATIONS.V_PRODUCT_ISP_ALL_ADAPT_LTM,VIEW_DEPENDENCY
V_PRODUCT_ISP_ALL_ADAPT_LTM_GOB360,CREST_DATA_DEV.GTMC_ADAPT_TRANSFORMATIONS.V_PRODUCT_ISP_ALL_ADAPT_LTM,VIEW_DEPENDENCY
SHR_DF_MARKET_PROD.DF_MARKET_PROD_DMT_ONEPRODUCT.DT_ONEPRODUCT_PKPR,CREST_DATA_DEV.GTMC_ADAPT_TRANSFORMATIONS.V_XREF_ADAPT_BR_TO_MOLECULE_LIST,VIEW_DEPENDENCY
SHR_COMM_BRA_PROD.COMM_BRA_PROD_DWH_PAP_IQVIA_ED.DWH_M_ED,CREST_DATA_DEV.GTMC_ADAPT_TRANSFORMATIONS.V_XREF_ADAPT_BR_TO_MOLECULE_LIST,VIEW_DEPENDENCY
SHR_DF_MARKET_UAT.DF_MARKET_UAT_DMT_SALES_MARKET_SN_CREST.PRODUCT_LOCAL_CODE,CREST_DATA_DEV.GTMC_ADAPT_TRANSFORMATIONS.V_XREF_ADAPT_BR_TO_MOLECULE_LIST,VIEW_DEPENDENCY
SHR_DF_MARKET_UAT.DF_MARKET_UAT_DMT_SALES_MARKET_SN_CREST.PRODUCT,CREST_DATA_DEV.GTMC_ADAPT_TRANSFORMATIONS.V_XREF_ADAPT_BR_TO_MOLECULE_LIST,VIEW_DEPENDENCY
CREST_DATA_DEV.GTMC_CREST.V_MOLECULE_LIST,CREST_DATA_DEV.GTMC_ADAPT_TRANSFORMATIONS.V_XREF_ADAPT_BR_TO_MOLECULE_LIST,VIEW_DEPENDENCY
SHR_UKIE_CDW_PROD.UKIE_CDW_PROD_DMT_CDW_CREST.DMT_TLU_PRODUCT,CREST_DATA_DEV.GTMC_ADAPT_TRANSFORMATIONS.V_XREF_ADAPT_UKIE_TFT_SALES_CEP_DAY_TO_SOURCE_SYSTEM_CD,VIEW_DEPENDENCY
SHR_UKIE_CDW_PROD.UKIE_CDW_PROD_DMT_CDW_CREST.DMT_TFT_SALES_CEP_DAY,CREST_DATA_DEV.GTMC_ADAPT_TRANSFORMATIONS.V_XREF_ADAPT_UKIE_TFT_SALES_CEP_DAY_TO_SOURCE_SYSTEM_CD,VIEW_DEPENDENCY
SHR_DF_MARKET_PROD.DF_MARKET_PROD_DMT_ONEPRODUCT.DT_ONEPRODUCT_PKPR,CREST_DATA_DEV.GTMC_CREST.V_HARMONIZED_GLOBAL_PRODUCT_ONEPRODUCT,VIEW_DEPENDENCY
SHR_DF_CI_PROD.DF_CI_PROD_DMT_CIA_CREST.DIM_TERRITORY,CREST_DATA_DEV.GTMC_CREST.V_HCO_TO_TERRITORY,VIEW_DEPENDENCY
SHR_DF_CI_PROD.DF_CI_PROD_DMT_CIA_CREST.DIM_TEAM,CREST_DATA_DEV.GTMC_CREST.V_HCO_TO_TERRITORY,VIEW_DEPENDENCY
SHR_DF_CI_PROD.DF_CI_PROD_DMT_CIA_CREST.DIM_TEAM_TERR_ASSIGNMENT,CREST_DATA_DEV.GTMC_CREST.V_HCO_TO_TERRITORY,VIEW_DEPENDENCY
SHR_DF_MARKET_PROD.DF_MARKET_PROD_DMT_COMM_SALES.DIM_CUSTOMER,CREST_DATA_DEV.GTMC_CREST.V_HCO_TO_TERRITORY,VIEW_DEPENDENCY
SHR_DF_CI_PROD.DF_CI_PROD_DMT_CIA_CREST.DIM_TERRITORY_BRICK,CREST_DATA_DEV.GTMC_CREST.V_HCO_TO_TERRITORY,VIEW_DEPENDENCY
SHR_DF_CI_PROD.DF_CI_PROD_DMT_CIA_CREST.DIM_HCO,CREST_DATA_DEV.GTMC_CREST.V_HCO_TO_TERRITORY,VIEW_DEPENDENCY
SHR_DF_CI_PROD.DF_CI_PROD_DMT_CIA_CREST.DIM_HCO_BRICK,CREST_DATA_DEV.GTMC_CREST.V_HCO_TO_TERRITORY,VIEW_DEPENDENCY
CREST_DATA_DEV.GTMC_ADAPT_TRANSFORMATIONS.V_SALES_ORDER_ADAPT,CREST_DATA_DEV.GTMC_CREST.V_SALES_ORDER,VIEW_DEPENDENCY
SHR_DF_MARKET_PROD.DF_MARKET_PROD_DMT_SALES_MARKET_SN_CREST.COUNTRY_HIERARCHY,CREST_DATA_DEV.GTMC_CREST.V_TEAM_TO_MARKETS_CANDIDATES,VIEW_DEPENDENCY
PRODUCT_MARKET_ISP_ALL,CREST_DATA_DEV.GTMC_CREST.V_TEAM_TO_MARKETS_CANDIDATES,VIEW_DEPENDENCY
V_TEAM_TO_SANOFI_MARKETS,CREST_DATA_DEV.GTMC_CREST.V_TEAM_TO_MARKETS_CANDIDATES,VIEW_DEPENDENCY
SHR_DF_MARKET_PROD.DF_MARKET_PROD_DMT_SALES_MARKET_SN_CREST.GEOGRAPHY_SUBNATIONAL,CREST_DATA_DEV.GTMC_MSDF_TRANSFORMATIONS.V_GEOGRAPHY_SUBNATIONAL_MSDF,VIEW_DEPENDENCY
CREST_DATA_DEV.GTMC_CREST.V_MARKET_DISEASE,CREST_DATA_DEV.GTMC_MSDF_TRANSFORMATIONS.V_TEAM_TO_SANOFI_MARKETS_MSDF,VIEW_DEPENDENCY
V_TEAM_TO_SANOFI_MARKETS_MSDF_CANDIDATES,CREST_DATA_DEV.GTMC_MSDF_TRANSFORMATIONS.V_TEAM_TO_SANOFI_MARKETS_MSDF,VIEW_DEPENDENCY
SHR_DF_MARKET_PROD.DF_MARKET_PROD_DMT_ONEPRODUCT.DT_ONEPRODUCT_CE,CREST_DATA_DEV.GTMC_XFOUNDATION_XREFERENCES.V_XREF_CE_GLOBAL_BRAND_NAME_TO_MSDF_HARMONIZED_GLOBAL_PRODUCT,VIEW_DEPENDENCY
CREST_DATA_DEV.GTMC_XFOUNDATION_XREFERENCES.V_XREF_CE_INN_TO_MSDF_MOLECULE_LIST,CREST_DATA_DEV.GTMC_XFOUNDATION_XREFERENCES.V_XREF_CE_GLOBAL_BRAND_NAME_TO_MSDF_HARMONIZED_GLOBAL_PRODUCT,VIEW_DEPENDENCY
SHR_DF_MARKET_PROD.DF_MARKET_PROD_DMT_ONEPRODUCT.DT_ONEPRODUCT_PKPR,CREST_DATA_DEV.GTMC_XFOUNDATION_XREFERENCES.V_XREF_CE_GLOBAL_BRAND_NAME_TO_MSDF_HARMONIZED_GLOBAL_PRODUCT,VIEW_DEPENDENCY
CREST_DATA_DEV.GTMC_CREST.V_MARKET,CREST_DATA_DEV.GTMC_ZAIDYN.V_RAW_SALES,VIEW_DEPENDENCY
CREST_DATA_DEV.GTMC_CREST.GEO_CUSTOMER,CREST_DATA_DEV.GTMC_ZAIDYN.V_RAW_SALES,VIEW_DEPENDENCY
CREST_DATA_DEV.GTMC_CREST.SALES_SUBNATIONAL_ISP_ALL_MKTS,CREST_DATA_DEV.GTMC_ZAIDYN.V_RAW_SALES,VIEW_DEPENDENCY
CREST_DATA_DEV.GTMC_CREST.V_TEAM_SOURCE_MARKET_TO_REFERENCE_MEASURES,CREST_DATA_DEV.GTMC_ZAIDYN.V_RAW_SALES,VIEW_DEPENDENCY
CREST_DATA_DEV.GTMC_CREST.TEAM_TO_MARKETS,CREST_DATA_DEV.GTMC_ZAIDYN.V_RAW_SALES,VIEW_DEPENDENCY
SHR_COMM_LTM_DEV.COMM_LTM_DEV_DMT_LTM.DMT_MX_GOB360_BASE,CREST_DATA_DEV.GTMC_ADAPT_TRANSFORMATIONS.V_XREF_ADAPT_LTM_GOB360_TO_CALENDAR,VIEW_DEPENDENCY
SHR_DF_MARKET_PROD.DF_MARKET_PROD_DMT_ONEPRODUCT.DT_ONEPRODUCT_PKPR,CREST_DATA_DEV.GTMC_ADAPT_TRANSFORMATIONS.V_XREF_ADAPT_LTM_MX_DDD_BASE_WIDE_TO_ATC4,VIEW_DEPENDENCY
SHR_COMM_LTM_DEV.COMM_LTM_DEV_DMT_LTM.DMT_MX_AR_DDD_BASE,CREST_DATA_DEV.GTMC_ADAPT_TRANSFORMATIONS.V_XREF_ADAPT_LTM_MX_DDD_BASE_WIDE_TO_ATC4,VIEW_DEPENDENCY
V_XREF_ADAPT_LTM_MX_DDD_BASE_WIDE_TO_BRAND,CREST_DATA_DEV.GTMC_ADAPT_TRANSFORMATIONS.V_XREF_ADAPT_LTM_MX_DDD_BASE_WIDE_TO_LOCAL_BRAND,VIEW_DEPENDENCY
SHR_DF_MARKET_PROD.DF_MARKET_PROD_DMT_ONEPRODUCT.DT_ONEPRODUCT_PKPR,CREST_DATA_DEV.GTMC_ADAPT_TRANSFORMATIONS.V_XREF_ADAPT_LTM_MX_DDD_BASE_WIDE_TO_LOCAL_BRAND,VIEW_DEPENDENCY
SHR_COMM_LTM_DEV.COMM_LTM_DEV_DMT_LTM.DMT_MX_AR_DDD_BASE,CREST_DATA_DEV.GTMC_ADAPT_TRANSFORMATIONS.V_XREF_ADAPT_LTM_MX_DDD_BASE_WIDE_TO_LOCAL_BRAND,VIEW_DEPENDENCY
CREST_DATA_DEV.GTMC_ADAPT_TRANSFORMATIONS.SALES_SUBNATIONAL_ISP_ALL_MKTS_ADAPT,CREST_DATA_DEV.GTMC_CREST.V_SALES_SUBNATIONAL_ISP_ALL_MKTS,VIEW_DEPENDENCY
CREST_DATA_DEV.GTMC_MSDF_TRANSFORMATIONS.SALES_SUBNATIONAL_ISP_ALL_MKTS_MSDF,CREST_DATA_DEV.GTMC_CREST.V_SALES_SUBNATIONAL_ISP_ALL_MKTS,VIEW_DEPENDENCY
V_XREF_ADAPT_BR_TO_GEOGRAPHY_SUBNATIONAL,CREST_DATA_DEV.GTMC_ADAPT_TRANSFORMATIONS.V_GEOGRAPHY_SUBNATIONAL_ADAPT_BR,VIEW_DEPENDENCY
CREST_DATA_DEV.GTMC_MSDF_TRANSFORMATIONS.V_XREF_MOLECULE_LIST_HARMONIZED_GLOBAL_PRODUCT_TO_WW_MARKETS_DUPLICATE,CREST_DATA_DEV.GTMC_ADAPT_TRANSFORMATIONS.V_MARKET_PRODUCT_MARKET_ISP_ALL_ADAPT,VIEW_DEPENDENCY
CREST_DATA_DEV.GTMC_MSDF_TRANSFORMATIONS.V_XREF_MOLECULE_LIST_HARMONIZED_GLOBAL_PRODUCT_TO_WW_MARKETS_UNIQUE,CREST_DATA_DEV.GTMC_ADAPT_TRANSFORMATIONS.V_MARKET_PRODUCT_MARKET_ISP_ALL_ADAPT,VIEW_DEPENDENCY
CREST_DATA_DEV.GTMC_MSDF_TRANSFORMATIONS.V_XREF_MOLECULE_LIST_ATC_CLSF_CD_TO_WW_MARKETS_UNIQUE,CREST_DATA_DEV.GTMC_ADAPT_TRANSFORMATIONS.V_MARKET_PRODUCT_MARKET_ISP_ALL_ADAPT,VIEW_DEPENDENCY
PRODUCT_ISP_ALL_ADAPT,CREST_DATA_DEV.GTMC_ADAPT_TRANSFORMATIONS.V_MARKET_PRODUCT_MARKET_ISP_ALL_ADAPT,VIEW_DEPENDENCY
V_XREF_ADAPT_LTM_MX_DDD_BASE_WIDE_TO_HARMONIZED_LOCAL_BRAND,CREST_DATA_DEV.GTMC_ADAPT_TRANSFORMATIONS.V_PRODUCT_ISP_ALL_ADAPT_LTM_MX_DDD_BASE_WIDE,VIEW_DEPENDENCY
CREST_DATA_DEV.GTMC_ADAPT_TRANSFORMATIONS.V_XREF_ADAPT_LTM_MX_DDD_BASE_WIDE_TO_LOCAL_MANUFACTURER,CREST_DATA_DEV.GTMC_ADAPT_TRANSFORMATIONS.V_PRODUCT_ISP_ALL_ADAPT_LTM_MX_DDD_BASE_WIDE,VIEW_DEPENDENCY
V_XREF_ADAPT_LTM_MX_DDD_BASE_WIDE_TO_HARMONIZED_GLOBAL_PRODUCT,CREST_DATA_DEV.GTMC_ADAPT_TRANSFORMATIONS.V_PRODUCT_ISP_ALL_ADAPT_LTM_MX_DDD_BASE_WIDE,VIEW_DEPENDENCY
CREST_DATA_DEV.GTMC_ADAPT_TRANSFORMATIONS.V_XREF_ADAPT_LTM_MX_DDD_BASE_WIDE_TO_LOCAL_BRAND,CREST_DATA_DEV.GTMC_ADAPT_TRANSFORMATIONS.V_PRODUCT_ISP_ALL_ADAPT_LTM_MX_DDD_BASE_WIDE,VIEW_DEPENDENCY
CREST_DATA_DEV.GTMC_ADAPT_TRANSFORMATIONS.V_XREF_ADAPT_LTM_MX_DDD_BASE_WIDE_TO_ATC4,CREST_DATA_DEV.GTMC_ADAPT_TRANSFORMATIONS.V_PRODUCT_ISP_ALL_ADAPT_LTM_MX_DDD_BASE_WIDE,VIEW_DEPENDENCY
V_XREF_ADAPT_LTM_MX_DDD_BASE_WIDE_TO_PRODUCT_ID_ISP_ALL,CREST_DATA_DEV.GTMC_ADAPT_TRANSFORMATIONS.V_PRODUCT_ISP_ALL_ADAPT_LTM_MX_DDD_BASE_WIDE,VIEW_DEPENDENCY
CREST_DATA_DEV.GTMC_ADAPT_TRANSFORMATIONS.V_XREF_ADAPT_LTM_MX_DDD_BASE_WIDE_TO_GLOBAL_CORPORATION,CREST_DATA_DEV.GTMC_ADAPT_TRANSFORMATIONS.V_PRODUCT_ISP_ALL_ADAPT_LTM_MX_DDD_BASE_WIDE,VIEW_DEPENDENCY
CREST_DATA_DEV.GTMC_ADAPT_TRANSFORMATIONS.V_XREF_ADAPT_LTM_MX_DDD_BASE_WIDE_TO_BRAND,CREST_DATA_DEV.GTMC_ADAPT_TRANSFORMATIONS.V_PRODUCT_ISP_ALL_ADAPT_LTM_MX_DDD_BASE_WIDE,VIEW_DEPENDENCY
SHR_COMM_LTM_DEV.COMM_LTM_DEV_DMT_LTM.DMT_MX_AR_DDD_BASE,CREST_DATA_DEV.GTMC_ADAPT_TRANSFORMATIONS.V_PRODUCT_ISP_ALL_ADAPT_LTM_MX_DDD_BASE_WIDE,VIEW_DEPENDENCY
CREST_DATA_DEV.GTMC_ADAPT_TRANSFORMATIONS.V_XREF_ADAPT_LTM_MX_DDD_BASE_WIDE_TO_MOLECULE_LIST,CREST_DATA_DEV.GTMC_ADAPT_TRANSFORMATIONS.V_PRODUCT_ISP_ALL_ADAPT_LTM_MX_DDD_BASE_WIDE,VIEW_DEPENDENCY
SHR_DF_MARKET_PROD.DF_MARKET_PROD_DMT_ONEPRODUCT.DT_ONEPRODUCT_PKPR,CREST_DATA_DEV.GTMC_ADAPT_TRANSFORMATIONS.V_PRODUCT_ISP_ALL_ADAPT_UKIE_TFT_SOCIAL,VIEW_DEPENDENCY
CREST_DATA_DEV.GTMC_SANDBOX.TFT_SALES_CEP_DAY_FOCUSED_SOCIAL,CREST_DATA_DEV.GTMC_ADAPT_TRANSFORMATIONS.V_PRODUCT_ISP_ALL_ADAPT_UKIE_TFT_SOCIAL,VIEW_DEPENDENCY
V_XREF_ADAPT_UKIE_TFT_SOCIAL_TO_PRODUCT_ID_ISP_ALL,CREST_DATA_DEV.GTMC_ADAPT_TRANSFORMATIONS.V_PRODUCT_ISP_ALL_ADAPT_UKIE_TFT_SOCIAL,VIEW_DEPENDENCY
V_XREF_ADAPT_UKIE_TFT_SOCIAL_TO_BRAND,CREST_DATA_DEV.GTMC_ADAPT_TRANSFORMATIONS.V_PRODUCT_ISP_ALL_ADAPT_UKIE_TFT_SOCIAL,VIEW_DEPENDENCY
V_XREF_ADAPT_UKIE_TFT_SOCIAL_TO_HARMONIZED_LOCAL_BRAND,CREST_DATA_DEV.GTMC_ADAPT_TRANSFORMATIONS.V_PRODUCT_ISP_ALL_ADAPT_UKIE_TFT_SOCIAL,VIEW_DEPENDENCY
SHR_UKIE_CDW_PROD.UKIE_CDW_PROD_DMT_CDW_CREST.DMT_TLU_PRODUCT,CREST_DATA_DEV.GTMC_ADAPT_TRANSFORMATIONS.V_PRODUCT_ISP_ALL_ADAPT_UKIE_TFT_SOCIAL,VIEW_DEPENDENCY
V_XREF_ADAPT_UKIE_TFT_SOCIAL_TO_MOLECULE_LIST,CREST_DATA_DEV.GTMC_ADAPT_TRANSFORMATIONS.V_PRODUCT_ISP_ALL_ADAPT_UKIE_TFT_SOCIAL,VIEW_DEPENDENCY
V_XREF_ADAPT_UKIE_TFT_SOCIAL_TO_LOCAL_BRAND,CREST_DATA_DEV.GTMC_ADAPT_TRANSFORMATIONS.V_PRODUCT_ISP_ALL_ADAPT_UKIE_TFT_SOCIAL,VIEW_DEPENDENCY
V_XREF_ADAPT_UKIE_TFT_SOCIAL_TO_GLOBAL_CORPORATION,CREST_DATA_DEV.GTMC_ADAPT_TRANSFORMATIONS.V_PRODUCT_ISP_ALL_ADAPT_UKIE_TFT_SOCIAL,VIEW_DEPENDENCY
SHR_UKIE_CDW_PROD.UKIE_CDW_PROD_DMT_CDW_CREST.DMT_TFT_SALES_CEP_DAY,CREST_DATA_DEV.GTMC_ADAPT_TRANSFORMATIONS.V_PRODUCT_ISP_ALL_ADAPT_UKIE_TFT_SOCIAL,VIEW_DEPENDENCY
V_XREF_ADAPT_UKIE_TFT_SOCIAL_TO_HARMONIZED_GLOBAL_PRODUCT,CREST_DATA_DEV.GTMC_ADAPT_TRANSFORMATIONS.V_PRODUCT_ISP_ALL_ADAPT_UKIE_TFT_SOCIAL,VIEW_DEPENDENCY
V_XREF_ADAPT_UKIE_TFT_SOCIAL_TO_LOCAL_MANUFACTURER,CREST_DATA_DEV.GTMC_ADAPT_TRANSFORMATIONS.V_PRODUCT_ISP_ALL_ADAPT_UKIE_TFT_SOCIAL,VIEW_DEPENDENCY
V_XREF_ADAPT_UKIE_TFT_SOCIAL_TO_ATC4,CREST_DATA_DEV.GTMC_ADAPT_TRANSFORMATIONS.V_PRODUCT_ISP_ALL_ADAPT_UKIE_TFT_SOCIAL,VIEW_DEPENDENCY
V_SALES_AGGREGATION_ADAPT_BR,CREST_DATA_DEV.GTMC_ADAPT_TRANSFORMATIONS.V_SALES_AGGREGATION_ADAPT,VIEW_DEPENDENCY
SHR_DF_MARKET_PROD.DF_MARKET_PROD_DMT_ONEPRODUCT.DT_ONEPRODUCT_PKPR,CREST_DATA_DEV.GTMC_ADAPT_TRANSFORMATIONS.V_XREF_ADAPT_BR_TO_GLOBAL_CORPORATION,VIEW_DEPENDENCY
CREST_DATA_DEV.GTMC_CREST.V_XREF_LCL_MANUFACTURER_TO_GLOBAL_CORPORATON_ONEPRODUCT,CREST_DATA_DEV.GTMC_ADAPT_TRANSFORMATIONS.V_XREF_ADAPT_BR_TO_GLOBAL_CORPORATION,VIEW_DEPENDENCY
CREST_DATA_DEV.GTMC_ADAPT_TRANSFORMATIONS.V_XREF_ADAPT_BR_TO_LOCAL_MANUFACTURER,CREST_DATA_DEV.GTMC_ADAPT_TRANSFORMATIONS.V_XREF_ADAPT_BR_TO_GLOBAL_CORPORATION,VIEW_DEPENDENCY
SHR_COMM_BRA_PROD.COMM_BRA_PROD_DWH_PAP_IQVIA_ED.DWH_M_ED,CREST_DATA_DEV.GTMC_ADAPT_TRANSFORMATIONS.V_XREF_ADAPT_BR_TO_GLOBAL_CORPORATION,VIEW_DEPENDENCY
CREST_DATA_DEV.GTMC_CREST.V_GLOBAL_CORPORATION_ONEPRODUCT,CREST_DATA_DEV.GTMC_ADAPT_TRANSFORMATIONS.V_XREF_ADAPT_BR_TO_GLOBAL_CORPORATION,VIEW_DEPENDENCY
SHR_DF_MARKET_UAT.DF_MARKET_UAT_DMT_SALES_MARKET_SN_CREST.PRODUCT_ISP_ALL,CREST_DATA_DEV.GTMC_ADAPT_TRANSFORMATIONS.V_XREF_ADAPT_BR_TO_GLOBAL_CORPORATION,VIEW_DEPENDENCY
SHR_DF_MARKET_UAT.DF_MARKET_UAT_DMT_SALES_MARKET_SN_CREST.PRODUCT_LOCAL_CODE_ISP_ALL,CREST_DATA_DEV.GTMC_ADAPT_TRANSFORMATIONS.V_XREF_ADAPT_BR_TO_GLOBAL_CORPORATION,VIEW_DEPENDENCY
SHR_COMM_LTM_DEV.COMM_LTM_DEV_DMT_LTM.DMT_MX_GOB360_BASE,CREST_DATA_DEV.GTMC_ADAPT_TRANSFORMATIONS.V_XREF_ADAPT_LTM_GOB360_TO_SALES_EVENT_CLASSIFICATION,VIEW_DEPENDENCY
DMT_MX_DDD_BASE_WIDE,CREST_DATA_DEV.GTMC_ADAPT_TRANSFORMATIONS.V_XREF_ADAPT_LTM_MX_DDD_BASE_WIDE_TO_PRODUCT_ID_ISP_ALL,VIEW_DEPENDENCY
SHR_DF_MARKET_PROD.DF_MARKET_PROD_DMT_ONEPRODUCT.DT_ONEPRODUCT_PKPR,CREST_DATA_DEV.GTMC_ADAPT_TRANSFORMATIONS.V_XREF_ADAPT_LTM_MX_DDD_BASE_WIDE_TO_PRODUCT_ID_ISP_ALL,VIEW_DEPENDENCY
V_XREF_ADAPT_UKIE_TFT_SOCIAL_TO_COUNTRY,CREST_DATA_DEV.GTMC_ADAPT_TRANSFORMATIONS.V_XREF_ADAPT_UKIE_TFT_SOCIAL_TO_CHANNEL,VIEW_DEPENDENCY
SHR_DF_MARKET_UAT.DF_MARKET_UAT_DMT_SALES_MARKET_SN_CREST.CHANNEL,CREST_DATA_DEV.GTMC_ADAPT_TRANSFORMATIONS.V_XREF_ADAPT_UKIE_TFT_SOCIAL_TO_CHANNEL,VIEW_DEPENDENCY
TFT_SALES_CEP_DAY_FOCUSED_SOCIAL,CREST_DATA_DEV.GTMC_ADAPT_TRANSFORMATIONS.V_XREF_ADAPT_UKIE_TFT_SOCIAL_TO_CHANNEL,VIEW_DEPENDENCY
SHR_UKIE_CDW_PROD.UKIE_CDW_PROD_DMT_CDW_CREST.DMT_TLU_CUSTOMER,CREST_DATA_DEV.GTMC_ADAPT_TRANSFORMATIONS.V_XREF_ADAPT_UKIE_TFT_SOCIAL_TO_CHANNEL,VIEW_DEPENDENCY
SHR_UKIE_CDW_PROD.UKIE_CDW_PROD_DMT_CDW_CREST.DMT_TLU_PRODUCT,CREST_DATA_DEV.GTMC_ADAPT_TRANSFORMATIONS.V_XREF_ADAPT_UKIE_TFT_SOCIAL_TO_GLOBAL_CORPORATION,VIEW_DEPENDENCY
SHR_DF_MARKET_PROD.DF_MARKET_PROD_DMT_ONEPRODUCT.DT_ONEPRODUCT_PKPR,CREST_DATA_DEV.GTMC_ADAPT_TRANSFORMATIONS.V_XREF_ADAPT_UKIE_TFT_SOCIAL_TO_GLOBAL_CORPORATION,VIEW_DEPENDENCY
CREST_DATA_DEV.GTMC_SANDBOX.TFT_SALES_CEP_DAY_FOCUSED_SOCIAL,CREST_DATA_DEV.GTMC_ADAPT_TRANSFORMATIONS.V_XREF_ADAPT_UKIE_TFT_SOCIAL_TO_GLOBAL_CORPORATION,VIEW_DEPENDENCY
SHR_UKIE_CDW_PROD.UKIE_CDW_PROD_DMT_CDW_CREST.DMT_TFT_SALES_CEP_DAY,CREST_DATA_DEV.GTMC_ADAPT_TRANSFORMATIONS.V_XREF_ADAPT_UKIE_TFT_SOCIAL_TO_GLOBAL_CORPORATION,VIEW_DEPENDENCY
SHR_DF_MARKET_PROD.DF_MARKET_PROD_DMT_ONEPRODUCT.DT_ONEPRODUCT_PKPR,CREST_DATA_DEV.GTMC_ADAPT_TRANSFORMATIONS.V_XREF_ADAPT_UKIE_TFT_SOCIAL_TO_PRODUCT_ID_ISP_ALL,VIEW_DEPENDENCY
CREST_DATA_DEV.GTMC_SANDBOX.TFT_SALES_CEP_DAY_FOCUSED_SOCIAL,CREST_DATA_DEV.GTMC_ADAPT_TRANSFORMATIONS.V_XREF_ADAPT_UKIE_TFT_SOCIAL_TO_PRODUCT_ID_ISP_ALL,VIEW_DEPENDENCY
V_XREF_ADAPT_UKIE_TFT_SOCIAL_TO_COUNTRY,CREST_DATA_DEV.GTMC_ADAPT_TRANSFORMATIONS.V_XREF_ADAPT_UKIE_TFT_SOCIAL_TO_PRODUCT_ID_ISP_ALL,VIEW_DEPENDENCY
SHR_UKIE_CDW_PROD.UKIE_CDW_PROD_DMT_CDW_CREST.DMT_TLU_PRODUCT,CREST_DATA_DEV.GTMC_ADAPT_TRANSFORMATIONS.V_XREF_ADAPT_UKIE_TFT_SOCIAL_TO_PRODUCT_ID_ISP_ALL,VIEW_DEPENDENCY
CREST_DATA_DEV.GTMC_CREST.V_DT_ONEPRODUCT_PKPR_ENHANCED,CREST_DATA_DEV.GTMC_ADAPT_TRANSFORMATIONS.V_XREF_ADAPT_UKIE_TFT_SOCIAL_TO_PRODUCT_ID_ISP_ALL,VIEW_DEPENDENCY
SHR_UKIE_CDW_PROD.UKIE_CDW_PROD_DMT_CDW_CREST.DMT_TFT_SALES_CEP_DAY,CREST_DATA_DEV.GTMC_ADAPT_TRANSFORMATIONS.V_XREF_ADAPT_UKIE_TFT_SOCIAL_TO_PRODUCT_ID_ISP_ALL,VIEW_DEPENDENCY
CREST_DATA_DEV.GTMC_CREST.HCO_TO_TERRITORY,CREST_DATA_DEV.GTMC_CREST.V_DMT_SALES_IN_ACTIVE_CREST_TEAMS,VIEW_DEPENDENCY
CREST_DATA_DEV.GTMC_CREST.TEAM_TO_BRAND_DISEASE,CREST_DATA_DEV.GTMC_CREST.V_DMT_SALES_IN_ACTIVE_CREST_TEAMS,VIEW_DEPENDENCY
CREST_DATA_DEV.GTMC_CREST.V_DMT_SALES_IN_CREDITED_SALES,CREST_DATA_DEV.GTMC_CREST.V_DMT_SALES_IN_ACTIVE_CREST_TEAMS,VIEW_DEPENDENCY
SHR_DF_MARKET_PROD.DF_MARKET_PROD_DMT_ONEPRODUCT.DT_ONEPRODUCT_PKPR,CREST_DATA_DEV.GTMC_CREST.V_DMT_SALES_IN_CREDITED_SALES,VIEW_DEPENDENCY
SHR_DF_MARKET_PROD.DF_MARKET_PROD_DMT_COMM_SALES.DMT_DELIVERY,CREST_DATA_DEV.GTMC_CREST.V_DMT_SALES_IN_CREDITED_SALES,VIEW_DEPENDENCY
SHR_DF_MARKET_PROD.DF_MARKET_PROD_DMT_COMM_SALES.DMT_INVOICE,CREST_DATA_DEV.GTMC_CREST.V_DMT_SALES_IN_CREDITED_SALES,VIEW_DEPENDENCY
SHR_DF_CI_PROD.DF_CI_PROD_DMT_CIA_CREST.DIM_HCO,CREST_DATA_DEV.GTMC_CREST.V_DMT_SALES_IN_CREDITED_SALES,VIEW_DEPENDENCY
SHR_DF_MARKET_PROD.DF_MARKET_PROD_DMT_COMM_SALES.DIM_CUSTOMER,CREST_DATA_DEV.GTMC_CREST.V_DMT_SALES_IN_CREDITED_SALES,VIEW_DEPENDENCY
SHR_DF_MARKET_PROD.DF_MARKET_PROD_DMT_COMM_SALES.DIM_PRODUCT,CREST_DATA_DEV.GTMC_CREST.V_DMT_SALES_IN_CREDITED_SALES,VIEW_DEPENDENCY
SHR_DF_MARKET_PROD.DF_MARKET_PROD_DMT_COMM_SALES.DMT_SALES_ORDERS,CREST_DATA_DEV.GTMC_CREST.V_DMT_SALES_IN_CREDITED_SALES,VIEW_DEPENDENCY
CREST_DATA_DEV.GTMC_CREST.TEAM_TO_BRAND_DISEASE,CREST_DATA_DEV.GTMC_CREST.V_DQ_SALES_IN_VALIDATION_PROMOTED_BRANDS,VIEW_DEPENDENCY
CREST_DATA_DEV.GTMC_CREST.DMT_SALES_IN_CREDITED_SALES,CREST_DATA_DEV.GTMC_CREST.V_DQ_SALES_IN_VALIDATION_PROMOTED_BRANDS,VIEW_DEPENDENCY
CREST_DATA_DEV.GTMC_CREST.SALES_SUBNATIONAL_ISP_ALL,CREST_DATA_DEV.GTMC_CREST.V_FOUNDATION,VIEW_DEPENDENCY
PRODUCT_MARKET_ISP_ALL,CREST_DATA_DEV.GTMC_CREST.V_TEAM_TO_CREST_MARKET_DEFINITIONS,VIEW_DEPENDENCY
TEAM_TO_MARKETS,CREST_DATA_DEV.GTMC_CREST.V_TEAM_TO_CREST_MARKET_DEFINITIONS,VIEW_DEPENDENCY
SHR_DF_MARKET_PROD.DF_MARKET_PROD_DMT_COMM_SALES.DMT_INVOICE,CREST_DATA_DEV.GTMC_MSDF_TRANSFORMATIONS.V_PRODUCT_ISP_ALL_COMM_SALES_INVOICE_PRODUCTS,VIEW_DEPENDENCY
SHR_DF_MARKET_PROD.DF_MARKET_PROD_DMT_ONEPRODUCT.DT_ONEPRODUCT_PKPR,CREST_DATA_DEV.GTMC_MSDF_TRANSFORMATIONS.V_PRODUCT_ISP_ALL_COMM_SALES_INVOICE_PRODUCTS,VIEW_DEPENDENCY
SHR_DF_MARKET_PROD.DF_MARKET_PROD_DMT_SALES_MARKET_SN_CREST.PRODUCT_ISP_ALL,CREST_DATA_DEV.GTMC_MSDF_TRANSFORMATIONS.V_PRODUCT_ISP_ALL_COMM_SALES_INVOICE_PRODUCTS,VIEW_DEPENDENCY
PRODUCT_ISP_ALL_MSDF,CREST_DATA_DEV.GTMC_MSDF_TRANSFORMATIONS.V_PRODUCT_ISP_ALL_MSDF,VIEW_DEPENDENCY
CREST_DATA_DEV.GTMC_MSDF_TRANSFORMATIONS.V_MARKET_PRODUCT_MARKET_ISP_ALL_MSDF,CREST_DATA_DEV.GTMC_MSDF_TRANSFORMATIONS.V_PRODUCT_ISP_ALL_MSDF,VIEW_DEPENDENCY
SHR_DF_MARKET_PROD.DF_MARKET_PROD_DMT_SALES_MARKET_SN_CREST.MARKET,CREST_DATA_DEV.GTMC_MSDF_TRANSFORMATIONS.V_PRODUCT_ISP_ALL_MSDF,VIEW_DEPENDENCY
V_XREF_MOLECULE_LIST_TO_BRND_NAME_MX_UNIQUE,CREST_DATA_DEV.GTMC_ADAPT_TRANSFORMATIONS.V_XREF_ADAPT_LTM_GOB360_TO_BRAND,VIEW_DEPENDENCY
V_XREF_ADAPT_LTM_GOB360_TO_MOLECULE_LIST,CREST_DATA_DEV.GTMC_ADAPT_TRANSFORMATIONS.V_XREF_ADAPT_LTM_GOB360_TO_BRAND,VIEW_DEPENDENCY
V_XREF_MOLECULE_LIST_TO_GBL_CORP_MX_UNIQUE,CREST_DATA_DEV.GTMC_ADAPT_TRANSFORMATIONS.V_XREF_ADAPT_LTM_GOB360_TO_BRAND,VIEW_DEPENDENCY
SHR_COMM_LTM_DEV.COMM_LTM_DEV_DMT_LTM.DMT_MX_GOB360_BASE,CREST_DATA_DEV.GTMC_ADAPT_TRANSFORMATIONS.V_XREF_ADAPT_LTM_GOB360_TO_BRAND,VIEW_DEPENDENCY
SHR_COMM_LTM_DEV.COMM_LTM_DEV_DMT_LTM.DMT_MX_GOB360_BASE,CREST_DATA_DEV.GTMC_ADAPT_TRANSFORMATIONS.V_XREF_ADAPT_LTM_GOB360_TO_PURCHASE_TYPE,VIEW_DEPENDENCY
V_XREF_ADAPT_UKIE_PATIENT_SALES_TO_PRODUCT_ID_ISP_ALL,CREST_DATA_DEV.GTMC_ADAPT_TRANSFORMATIONS.V_XREF_ADAPT_UKIE_PATIENT_SALES_TO_BRAND,VIEW_DEPENDENCY
SHR_DF_MARKET_PROD.DF_MARKET_PROD_DMT_ONEPRODUCT.DT_ONEPRODUCT_PKPR,CREST_DATA_DEV.GTMC_ADAPT_TRANSFORMATIONS.V_XREF_ADAPT_UKIE_PATIENT_SALES_TO_BRAND,VIEW_DEPENDENCY
SHR_UKIE_CDW_PROD.UKIE_CDW_PROD_DMT_CDW_CREST.DMT_PATIENT_SALES,CREST_DATA_DEV.GTMC_ADAPT_TRANSFORMATIONS.V_XREF_ADAPT_UKIE_PATIENT_SALES_TO_BRAND,VIEW_DEPENDENCY
SHR_UKIE_CDW_PROD.UKIE_CDW_PROD_DMT_CDW_CREST.DMT_PATIENTS,CREST_DATA_DEV.GTMC_ADAPT_TRANSFORMATIONS.V_XREF_ADAPT_UKIE_PATIENT_SALES_TO_CUSTOMER,VIEW_DEPENDENCY
SHR_DF_CI_PROD.DF_CI_PROD_DMT_CIA_CREST.DIM_HCO,CREST_DATA_DEV.GTMC_ADAPT_TRANSFORMATIONS.V_XREF_ADAPT_UKIE_PATIENT_SALES_TO_CUSTOMER,VIEW_DEPENDENCY
SHR_UKIE_CDW_PROD.UKIE_CDW_PROD_DMT_CDW_CREST.DMT_PATIENT_SALES,CREST_DATA_DEV.GTMC_ADAPT_TRANSFORMATIONS.V_XREF_ADAPT_UKIE_PATIENT_SALES_TO_CUSTOMER,VIEW_DEPENDENCY
SHR_UKIE_CDW_PROD.UKIE_CDW_PROD_DMT_CDW_CREST.DMT_TLU_CUSTOMER,CREST_DATA_DEV.GTMC_ADAPT_TRANSFORMATIONS.V_XREF_ADAPT_UKIE_PATIENT_SALES_TO_CUSTOMER,VIEW_DEPENDENCY
V_XREF_ADAPT_UKIE_PATIENT_SALES_TO_CALENDAR,CREST_DATA_DEV.GTMC_ADAPT_TRANSFORMATIONS.V_XREF_ADAPT_UKIE_PATIENT_SALES_TO_SALES_SUBNATIONAL_ISP_ALL,VIEW_DEPENDENCY
SHR_UKIE_CDW_PROD.UKIE_CDW_PROD_DMT_CDW_CREST.DMT_PATIENT_SALES,CREST_DATA_DEV.GTMC_ADAPT_TRANSFORMATIONS.V_XREF_ADAPT_UKIE_PATIENT_SALES_TO_SALES_SUBNATIONAL_ISP_ALL,VIEW_DEPENDENCY
V_XREF_ADAPT_UKIE_PATIENT_SALES_TO_CHANNEL,CREST_DATA_DEV.GTMC_ADAPT_TRANSFORMATIONS.V_XREF_ADAPT_UKIE_PATIENT_SALES_TO_SALES_SUBNATIONAL_ISP_ALL,VIEW_DEPENDENCY
V_XREF_ADAPT_UKIE_PATIENT_SALES_TO_PRODUCT_ID_ISP_ALL,CREST_DATA_DEV.GTMC_ADAPT_TRANSFORMATIONS.V_XREF_ADAPT_UKIE_PATIENT_SALES_TO_SALES_SUBNATIONAL_ISP_ALL,VIEW_DEPENDENCY
V_XREF_ADAPT_UKIE_PATIENT_SALES_TO_CUSTOMER,CREST_DATA_DEV.GTMC_ADAPT_TRANSFORMATIONS.V_XREF_ADAPT_UKIE_PATIENT_SALES_TO_SALES_SUBNATIONAL_ISP_ALL,VIEW_DEPENDENCY
SHR_UKIE_CDW_PROD.UKIE_CDW_PROD_DMT_CDW_CREST.DMT_TFT_SALES_CEP_DAY,CREST_DATA_DEV.GTMC_ADAPT_TRANSFORMATIONS.V_XREF_ADAPT_UKIE_TFT_SALES_CEP_DAY_TO_ORDER_ITEM_CD,VIEW_DEPENDENCY
SHR_DF_CI_UAT.DF_CI_UAT_DMT_CIA_CREST.DIM_HCO,CREST_DATA_DEV.GTMC_ADAPT_TRANSFORMATIONS.V_XREF_ADAPT_UKIE_TFT_SOCIAL_TO_CUSTOMER,VIEW_DEPENDENCY
TFT_SALES_CEP_DAY_FOCUSED_SOCIAL,CREST_DATA_DEV.GTMC_ADAPT_TRANSFORMATIONS.V_XREF_ADAPT_UKIE_TFT_SOCIAL_TO_CUSTOMER,VIEW_DEPENDENCY
SHR_UKIE_CDW_PROD.UKIE_CDW_PROD_DMT_CDW_CREST.DMT_TLU_CUSTOMER,CREST_DATA_DEV.GTMC_ADAPT_TRANSFORMATIONS.V_XREF_ADAPT_UKIE_TFT_SOCIAL_TO_CUSTOMER,VIEW_DEPENDENCY
CREST_DATA_DEV.GTMC_XFOUNDATION_XREFERENCES.V_XREF_MARKET_IDS_TO_GLOBAL_DISEASE_CD_LIST,CREST_DATA_DEV.GTMC_CREST.V_MARKET_DISEASE,VIEW_DEPENDENCY
CREST_DATA_DEV.GTMC_CREST.V_TEAM_TO_MARKETS_CANDIDATES,CREST_DATA_DEV.GTMC_CREST.V_MARKET_DISEASE,VIEW_DEPENDENCY
SHR_DF_CI_PROD.DF_CI_PROD_DMT_CIA_CREST.FCT_REP_F2F,CREST_DATA_DEV.GTMC_CREST.V_TEAM_OCCP_BRAND_DISEASES,VIEW_DEPENDENCY
SHR_DF_CI_PROD.DF_CI_PROD_DMT_CIA_CREST.DIM_TERRITORY_BRAND,CREST_DATA_DEV.GTMC_CREST.V_TEAM_OCCP_BRAND_DISEASES,VIEW_DEPENDENCY
SHR_DF_CI_PROD.DF_CI_PROD_DMT_CIA_CREST.DIM_BRAND_DISEASE,CREST_DATA_DEV.GTMC_CREST.V_TEAM_OCCP_BRAND_DISEASES,VIEW_DEPENDENCY
SHR_DF_CI_PROD.DF_CI_PROD_DMT_CIA_CREST.DIM_TEAM_TERRITORY,CREST_DATA_DEV.GTMC_CREST.V_TEAM_OCCP_BRAND_DISEASES,VIEW_DEPENDENCY
SHR_DF_MARKET_UAT.DF_MARKET_UAT_DMT_SALES_MARKET_SN_CREST.BRAND,CREST_DATA_DEV.GTMC_MSDF_TRANSFORMATIONS.V_BRAND_MSDF,VIEW_DEPENDENCY
SHR_DF_MARKET_PROD.DF_MARKET_PROD_DMT_ONEPRODUCT.DT_ONEPRODUCT_PKPR,CREST_DATA_DEV.GTMC_MSDF_TRANSFORMATIONS.V_BRAND_MSDF,VIEW_DEPENDENCY
CREST_DATA_DEV.GTMC_MSDF_TRANSFORMATIONS.PRODUCT_ISP_ALL_MSDF,CREST_DATA_DEV.GTMC_MSDF_TRANSFORMATIONS.V_BRAND_MSDF,VIEW_DEPENDENCY
CREST_DATA_DEV.GTMC_MSDF_TRANSFORMATIONS.PRODUCT_ISP_ALL_MSDF,CREST_DATA_DEV.GTMC_MSDF_TRANSFORMATIONS.V_MDM_PRODUCTS_W_MISSING_ATC_CLSF_CD,VIEW_DEPENDENCY
CREST_DATA_DEV.GTMC_MSDF_TRANSFORMATIONS.PRODUCT_ISP_ALL_MSDF,CREST_DATA_DEV.GTMC_MSDF_TRANSFORMATIONS.V_MDM_PRODUCTS_W_MISSING_MOLECULE_LISTS,VIEW_DEPENDENCY
SHR_DF_MARKET_PROD.DF_MARKET_PROD_DMT_ONEPRODUCT.DT_ONEPRODUCT_PKPR,CREST_DATA_DEV.GTMC_MSDF_TRANSFORMATIONS.V_PRODUCT_ISP_ALL_NON_MDM_PRODUCTS_WO_BRND_NAMES_NHS,VIEW_DEPENDENCY
CREST_DATA_DEV.GTMC_MSDF_TRANSFORMATIONS.V_XREF_BRAND_IDS_TO_ATC_CLSF_CDS,CREST_DATA_DEV.GTMC_MSDF_TRANSFORMATIONS.V_PRODUCT_ISP_ALL_NON_MDM_PRODUCTS_WO_BRND_NAMES_NHS,VIEW_DEPENDENCY
SHR_DF_MARKET_PROD.DF_MARKET_PROD_DMT_SALES_MARKET_SN_CREST.SALES_SUBNATIONAL_ISP_ALL,CREST_DATA_DEV.GTMC_MSDF_TRANSFORMATIONS.V_PRODUCT_ISP_ALL_NON_MDM_PRODUCTS_WO_BRND_NAMES_NHS,VIEW_DEPENDENCY
CREST_DATA_DEV.GTMC_MSDF_TRANSFORMATIONS.V_PRODUCT_ISP_ALL_INTERIM,CREST_DATA_DEV.GTMC_MSDF_TRANSFORMATIONS.V_PRODUCT_ISP_ALL_NON_MDM_PRODUCTS_WO_BRND_NAMES_NHS,VIEW_DEPENDENCY
SHR_DF_MARKET_PROD.DF_MARKET_PROD_DMT_SALES_MARKET_SN_CREST.PRODUCT_ISP_ALL,CREST_DATA_DEV.GTMC_MSDF_TRANSFORMATIONS.V_PRODUCT_ISP_ALL_NON_MDM_PRODUCTS_WO_BRND_NAMES_NHS,VIEW_DEPENDENCY
CREST_DATA_DEV.GTMC_MSDF_TRANSFORMATIONS.V_XREF_HARMONIZED_LOCAL_BRANDS_TO_ATC_CLSF_CDS,CREST_DATA_DEV.GTMC_MSDF_TRANSFORMATIONS.V_PRODUCT_ISP_ALL_NON_MDM_PRODUCTS_WO_BRND_NAMES_NHS,VIEW_DEPENDENCY
CREST_DATA_DEV.GTMC_CREST.V_TEAM_TO_MARKETS_CANDIDATES,CREST_DATA_DEV.GTMC_XFOUNDATION_XREFERENCES.V_XREF_MARKET_IDS_TO_GLOBAL_DISEASE_CD_LIST,VIEW_DEPENDENCY
SHR_UKIE_CDW_PROD.UKIE_CDW_PROD_DMT_CDW_CREST.DMT_TLU_PRODUCT,CREST_DATA_DEV.GTMC_ADAPT_TRANSFORMATIONS.V_XREF_ADAPT_UKIE_TFT_SALES_CEP_DAY_TO_COUNTRY,VIEW_DEPENDENCY
SHR_DF_MARKET_UAT.DF_MARKET_UAT_DMT_SALES_MARKET_SN_CREST.COUNTRY,CREST_DATA_DEV.GTMC_ADAPT_TRANSFORMATIONS.V_XREF_ADAPT_UKIE_TFT_SALES_CEP_DAY_TO_COUNTRY,VIEW_DEPENDENCY
SHR_UKIE_CDW_PROD.UKIE_CDW_PROD_DMT_CDW_CREST.DMT_TFT_SALES_CEP_DAY,CREST_DATA_DEV.GTMC_ADAPT_TRANSFORMATIONS.V_XREF_ADAPT_UKIE_TFT_SALES_CEP_DAY_TO_COUNTRY,VIEW_DEPENDENCY
SHR_DF_CI_PROD.DF_CI_PROD_DMT_CIA_CREST.DIM_HCO,CREST_DATA_DEV.GTMC_CREST.V_CE_POSTAL_CODES,VIEW_DEPENDENCY
SHR_COMM_ITA_PROD.COMM_ITA_PROD_DMT_COMM_ITA.DMT_SALES_IN_TERR,CREST_DATA_DEV.GTMC_ADAPT_TRANSFORMATIONS.V_ALIGNED_SALES_ADAPT_IT,VIEW_DEPENDENCY
SHR_COMM_ITA_PROD.COMM_ITA_PROD_DMT_COMM_ITA.DIM_TERRITORY,CREST_DATA_DEV.GTMC_ADAPT_TRANSFORMATIONS.V_ALIGNED_SALES_ADAPT_IT,VIEW_DEPENDENCY
SHR_COMM_ITA_PROD.COMM_ITA_PROD_DMT_COMM_ITA.DIM_TERRITORY_BU_NAME,CREST_DATA_DEV.GTMC_ADAPT_TRANSFORMATIONS.V_ALIGNED_SALES_ADAPT_IT,VIEW_DEPENDENCY
SHR_COMM_ITA_PROD.COMM_ITA_PROD_DMT_COMM_ITA.DIM_TEAM,CREST_DATA_DEV.GTMC_ADAPT_TRANSFORMATIONS.V_ALIGNED_SALES_ADAPT_NPF_IT,VIEW_DEPENDENCY
SHR_COMM_ITA_PROD.COMM_ITA_PROD_DMT_COMM_ITA.DIM_TERRITORY,CREST_DATA_DEV.GTMC_ADAPT_TRANSFORMATIONS.V_ALIGNED_SALES_ADAPT_NPF_IT,VIEW_DEPENDENCY
SHR_COMM_ITA_PROD.COMM_ITA_PROD_DMT_COMM_ITA.DIM_TERRITORY_BU_NAME,CREST_DATA_DEV.GTMC_ADAPT_TRANSFORMATIONS.V_ALIGNED_SALES_ADAPT_NPF_IT,VIEW_DEPENDENCY
SHR_COMM_ITA_PROD.COMM_ITA_PROD_DMT_COMM_ITA.DMT_SALES_IN,CREST_DATA_DEV.GTMC_ADAPT_TRANSFORMATIONS.V_ALIGNED_SALES_ADAPT_NPF_IT,VIEW_DEPENDENCY
SHR_COMM_ITA_PROD.COMM_ITA_PROD_DMT_COMM_ITA.DIM_CUST_BRAND_TO_TERR_EXCEP,CREST_DATA_DEV.GTMC_ADAPT_TRANSFORMATIONS.V_ALIGNED_SALES_ADAPT_NPF_IT,VIEW_DEPENDENCY
V_CUSTOMER_ADAPT_LTM,CREST_DATA_DEV.GTMC_ADAPT_TRANSFORMATIONS.V_CUSTOMER_ADAPT,VIEW_DEPENDENCY
V_CUSTOMER_ADAPT_BR,CREST_DATA_DEV.GTMC_ADAPT_TRANSFORMATIONS.V_CUSTOMER_ADAPT,VIEW_DEPENDENCY
V_CUSTOMER_ADAPT_UKIE,CREST_DATA_DEV.GTMC_ADAPT_TRANSFORMATIONS.V_CUSTOMER_ADAPT,VIEW_DEPENDENCY
CREST_DATA_DEV.GTMC_CREST.TEAM_TO_BRAND_DISEASE,CREST_DATA_DEV.GTMC_ADAPT_TRANSFORMATIONS.V_DMT_SALES_IN_BY_HCO_TEAM_TERRITORY,VIEW_DEPENDENCY
V_DIM_CUST_TEAM_TO_TERRITORY,CREST_DATA_DEV.GTMC_ADAPT_TRANSFORMATIONS.V_DMT_SALES_IN_BY_HCO_TEAM_TERRITORY,VIEW_DEPENDENCY
CREST_DATA_DEV.GTMC_CREST.DMT_SALES_IN,CREST_DATA_DEV.GTMC_ADAPT_TRANSFORMATIONS.V_DMT_SALES_IN_BY_HCO_TEAM_TERRITORY,VIEW_DEPENDENCY
SHR_DF_CI_PROD.DF_CI_PROD_DMT_CIA_CREST.DIM_TERRITORY,CREST_DATA_DEV.GTMC_ADAPT_TRANSFORMATIONS.V_DMT_SALES_IN_BY_HCO_TEAM_TERRITORY,VIEW_DEPENDENCY
V_XREF_ADAPT_LTM_GOB360_TO_PRODUCT_ID_ISP_ALL,CREST_DATA_DEV.GTMC_ADAPT_TRANSFORMATIONS.V_PRODUCT_ISP_ALL_ADAPT_LTM_GOB360,VIEW_DEPENDENCY
CREST_DATA_DEV.GTMC_ADAPT_TRANSFORMATIONS.V_XREF_ADAPT_LTM_GOB360_TO_LOCAL_BRAND,CREST_DATA_DEV.GTMC_ADAPT_TRANSFORMATIONS.V_PRODUCT_ISP_ALL_ADAPT_LTM_GOB360,VIEW_DEPENDENCY
V_XREF_ADAPT_LTM_GOB360_TO_HARMONIZED_GLOBAL_PRODUCT,CREST_DATA_DEV.GTMC_ADAPT_TRANSFORMATIONS.V_PRODUCT_ISP_ALL_ADAPT_LTM_GOB360,VIEW_DEPENDENCY
CREST_DATA_DEV.GTMC_ADAPT_TRANSFORMATIONS.V_XREF_ADAPT_LTM_GOB360_TO_LOCAL_MANUFACTURER,CREST_DATA_DEV.GTMC_ADAPT_TRANSFORMATIONS.V_PRODUCT_ISP_ALL_ADAPT_LTM_GOB360,VIEW_DEPENDENCY
SHR_COMM_LTM_DEV.COMM_LTM_DEV_DMT_LTM.DMT_MX_GOB360_BASE,CREST_DATA_DEV.GTMC_ADAPT_TRANSFORMATIONS.V_PRODUCT_ISP_ALL_ADAPT_LTM_GOB360,VIEW_DEPENDENCY
CREST_DATA_DEV.GTMC_ADAPT_TRANSFORMATIONS.V_XREF_ADAPT_LTM_GOB360_TO_ATC4,CREST_DATA_DEV.GTMC_ADAPT_TRANSFORMATIONS.V_PRODUCT_ISP_ALL_ADAPT_LTM_GOB360,VIEW_DEPENDENCY
CREST_DATA_DEV.GTMC_ADAPT_TRANSFORMATIONS.V_XREF_ADAPT_LTM_GOB360_TO_BRAND,CREST_DATA_DEV.GTMC_ADAPT_TRANSFORMATIONS.V_PRODUCT_ISP_ALL_ADAPT_LTM_GOB360,VIEW_DEPENDENCY
V_XREF_ADAPT_LTM_GOB360_TO_HARMONIZED_LOCAL_BRAND,CREST_DATA_DEV.GTMC_ADAPT_TRANSFORMATIONS.V_PRODUCT_ISP_ALL_ADAPT_LTM_GOB360,VIEW_DEPENDENCY
CREST_DATA_DEV.GTMC_ADAPT_TRANSFORMATIONS.V_XREF_ADAPT_LTM_GOB360_TO_MOLECULE_LIST,CREST_DATA_DEV.GTMC_ADAPT_TRANSFORMATIONS.V_PRODUCT_ISP_ALL_ADAPT_LTM_GOB360,VIEW_DEPENDENCY
CREST_DATA_DEV.GTMC_ADAPT_TRANSFORMATIONS.V_XREF_ADAPT_LTM_GOB360_TO_GLOBAL_CORPORATION,CREST_DATA_DEV.GTMC_ADAPT_TRANSFORMATIONS.V_PRODUCT_ISP_ALL_ADAPT_LTM_GOB360,VIEW_DEPENDENCY
CREST_DATA_DEV.GTMC_ADAPT_TRANSFORMATIONS.V_XREF_ADAPT_BR_TO_LOCAL_MANUFACTURER,CREST_DATA_DEV.GTMC_ADAPT_TRANSFORMATIONS.V_XREF_ADAPT_BR_TO_ATC4,VIEW_DEPENDENCY
SHR_COMM_BRA_PROD.COMM_BRA_PROD_DWH_PAP_IQVIA_ED.DWH_M_ED,CREST_DATA_DEV.GTMC_ADAPT_TRANSFORMATIONS.V_XREF_ADAPT_BR_TO_ATC4,VIEW_DEPENDENCY
CREST_DATA_DEV.GTMC_ADAPT_TRANSFORMATIONS.V_XREF_ADAPT_BR_TO_MSDF_BRAND_HIERARCHY,CREST_DATA_DEV.GTMC_ADAPT_TRANSFORMATIONS.V_XREF_ADAPT_BR_TO_ATC4,VIEW_DEPENDENCY
CREST_DATA_DEV.GTMC_ADAPT_TRANSFORMATIONS.V_XREF_ADAPT_BR_TO_MSDF_BRANDS,CREST_DATA_DEV.GTMC_ADAPT_TRANSFORMATIONS.V_XREF_ADAPT_BR_TO_ATC4,VIEW_DEPENDENCY
CREST_DATA_DEV.GTMC_ADAPT_TRANSFORMATIONS.V_XREF_ADAPT_BR_TO_PRODUCT_ID_ISP_ALL,CREST_DATA_DEV.GTMC_ADAPT_TRANSFORMATIONS.V_XREF_ADAPT_BR_TO_ATC4,VIEW_DEPENDENCY
CREST_DATA_DEV.GTMC_MSDF_TRANSFORMATIONS.V_XREF_BRAND_MOLECULE_LISTS_TO_ATC_CLSF_CDS,CREST_DATA_DEV.GTMC_ADAPT_TRANSFORMATIONS.V_XREF_ADAPT_BR_TO_ATC4,VIEW_DEPENDENCY
CREST_DATA_DEV.GTMC_ADAPT_TRANSFORMATIONS.V_XREF_ADAPT_BR_TO_MOLECULE_LIST,CREST_DATA_DEV.GTMC_ADAPT_TRANSFORMATIONS.V_XREF_ADAPT_BR_TO_ATC4,VIEW_DEPENDENCY
CREST_DATA_DEV.GTMC_MSDF_TRANSFORMATIONS.V_XREF_HARMONIZED_LOCAL_BRANDS_TO_ATC_CLSF_CDS,CREST_DATA_DEV.GTMC_ADAPT_TRANSFORMATIONS.V_XREF_ADAPT_BR_TO_ATC4,VIEW_DEPENDENCY
CREST_DATA_DEV.GTMC_ADAPT_TRANSFORMATIONS.V_XREF_ADAPT_BR_TO_GLOBAL_CORPORATION,CREST_DATA_DEV.GTMC_ADAPT_TRANSFORMATIONS.V_XREF_ADAPT_BR_TO_ATC4,VIEW_DEPENDENCY
SHR_DF_MARKET_PROD.DF_MARKET_PROD_DMT_ONEPRODUCT.DT_ONEPRODUCT_PKPR,CREST_DATA_DEV.GTMC_ADAPT_TRANSFORMATIONS.V_XREF_ADAPT_BR_TO_MSDF_BRANDS,VIEW_DEPENDENCY
CREST_DATA_DEV.GTMC_ADAPT_TRANSFORMATIONS.V_XREF_ADAPT_BR_TO_LOCAL_MANUFACTURER,CREST_DATA_DEV.GTMC_ADAPT_TRANSFORMATIONS.V_XREF_ADAPT_BR_TO_MSDF_BRANDS,VIEW_DEPENDENCY
SHR_COMM_BRA_PROD.COMM_BRA_PROD_DWH_PAP_IQVIA_ED.DWH_M_ED,CREST_DATA_DEV.GTMC_ADAPT_TRANSFORMATIONS.V_XREF_ADAPT_BR_TO_MSDF_BRANDS,VIEW_DEPENDENCY
SHR_DF_MARKET_UAT.DF_MARKET_UAT_DMT_SALES_MARKET_SN_CREST.PRODUCT_ISP_ALL,CREST_DATA_DEV.GTMC_ADAPT_TRANSFORMATIONS.V_XREF_ADAPT_BR_TO_MSDF_BRANDS,VIEW_DEPENDENCY
CREST_DATA_DEV.GTMC_ADAPT_TRANSFORMATIONS.V_XREF_ADAPT_BR_TO_MOLECULE_LIST,CREST_DATA_DEV.GTMC_ADAPT_TRANSFORMATIONS.V_XREF_ADAPT_BR_TO_MSDF_BRANDS,VIEW_DEPENDENCY
SHR_DF_MARKET_UAT.DF_MARKET_UAT_DMT_SALES_MARKET_SN_CREST.PRODUCT_LOCAL_CODE_ISP_ALL,CREST_DATA_DEV.GTMC_ADAPT_TRANSFORMATIONS.V_XREF_ADAPT_BR_TO_MSDF_BRANDS,VIEW_DEPENDENCY
SHR_COMM_BRA_PROD.COMM_BRA_PROD_DWH_PAP_IQVIA_ED.DWH_M_ED,CREST_DATA_DEV.GTMC_ADAPT_TRANSFORMATIONS.V_XREF_ADAPT_BR_TO_SALES_AGGREGATION,VIEW_DEPENDENCY
SHR_DF_CI_PROD.DF_CI_PROD_DMT_CIA_CREST.DIM_HCO,CREST_DATA_DEV.GTMC_ADAPT_TRANSFORMATIONS.V_XREF_ADAPT_BR_TO_CUSTOMER,VIEW_DEPENDENCY
SHR_DF_MARKET_UAT.DF_MARKET_UAT_DMT_SALES_MARKET_SN_CREST.CUSTOMER,CREST_DATA_DEV.GTMC_ADAPT_TRANSFORMATIONS.V_XREF_ADAPT_BR_TO_CUSTOMER,VIEW_DEPENDENCY
SHR_COMM_BRA_DEV.COMM_BRA_DEV_DWH_PAP_IQVIA_ED.DWH_M_ED,CREST_DATA_DEV.GTMC_ADAPT_TRANSFORMATIONS.V_XREF_ADAPT_BR_TO_CUSTOMER,VIEW_DEPENDENCY
SHR_COMM_BRA_PROD.COMM_BRA_PROD_DWH_PAP_IQVIA_ED.DWH_M_ED,CREST_DATA_DEV.GTMC_ADAPT_TRANSFORMATIONS.V_XREF_ADAPT_BR_TO_GEOGRAPHY_SUBNATIONAL,VIEW_DEPENDENCY
SHR_DF_MARKET_UAT.DF_MARKET_UAT_DMT_SALES_MARKET_SN_CREST.CUSTOMER,CREST_DATA_DEV.GTMC_ADAPT_TRANSFORMATIONS.V_XREF_ADAPT_BR_TO_GEOGRAPHY_SUBNATIONAL,VIEW_DEPENDENCY
SHR_DF_MARKET_UAT.DF_MARKET_UAT_DMT_SALES_MARKET_SN_CREST.GEOGRAPHY_SUBNATIONAL,CREST_DATA_DEV.GTMC_ADAPT_TRANSFORMATIONS.V_XREF_ADAPT_BR_TO_GEOGRAPHY_SUBNATIONAL,VIEW_DEPENDENCY
SHR_DF_MARKET_PROD.DF_MARKET_PROD_DMT_ONEPRODUCT.DT_ONEPRODUCT_PKPR,CREST_DATA_DEV.GTMC_ADAPT_TRANSFORMATIONS.V_XREF_ADAPT_LATAM_TO_SALES_SUBNATIONAL_ISP_ALL,VIEW_DEPENDENCY
SHR_DF_MARKET_PROD.DF_MARKET_PROD_DMT_SALES_MARKET_SN_CREST.CHANNEL,CREST_DATA_DEV.GTMC_ADAPT_TRANSFORMATIONS.V_XREF_ADAPT_LATAM_TO_SALES_SUBNATIONAL_ISP_ALL,VIEW_DEPENDENCY
SHR_COMM_LTM_DEV.COMM_LTM_DEV_DMT_LTM.DMT_LTM_COPAC,CREST_DATA_DEV.GTMC_ADAPT_TRANSFORMATIONS.V_XREF_ADAPT_LATAM_TO_SALES_SUBNATIONAL_ISP_ALL,VIEW_DEPENDENCY
SHR_COMM_LTM_DEV.COMM_LTM_DEV_DMT_LTM.DMT_MX_GOB360_BASE,CREST_DATA_DEV.GTMC_ADAPT_TRANSFORMATIONS.V_XREF_ADAPT_LATAM_TO_SALES_SUBNATIONAL_ISP_ALL,VIEW_DEPENDENCY
CREST_DATA_DEV.GTMC_ADAPT_TRANSFORMATIONS.V_XREF_ADAPT_LTM_GOB360_TO_CUSTOMER,CREST_DATA_DEV.GTMC_ADAPT_TRANSFORMATIONS.V_XREF_ADAPT_LATAM_TO_SALES_SUBNATIONAL_ISP_ALL,VIEW_DEPENDENCY
CREST_DATA_DEV.GTMC_CREST.V_DT_ONEPRODUCT_PKPR_ENHANCED,CREST_DATA_DEV.GTMC_ADAPT_TRANSFORMATIONS.V_XREF_ADAPT_LATAM_TO_SALES_SUBNATIONAL_ISP_ALL,VIEW_DEPENDENCY
CREST_DATA_DEV.GTMC_ADAPT_TRANSFORMATIONS.V_XREF_ADAPT_LATAM_TO_CALENDAR,CREST_DATA_DEV.GTMC_ADAPT_TRANSFORMATIONS.V_XREF_ADAPT_LATAM_TO_SALES_SUBNATIONAL_ISP_ALL,VIEW_DEPENDENCY
CREST_DATA_DEV.GTMC_ADAPT_TRANSFORMATIONS.V_XREF_ADAPT_LATAM_TO_CHANNEL,CREST_DATA_DEV.GTMC_ADAPT_TRANSFORMATIONS.V_XREF_ADAPT_LATAM_TO_SALES_SUBNATIONAL_ISP_ALL,VIEW_DEPENDENCY
CREST_DATA_DEV.GTMC_ADAPT_TRANSFORMATIONS.V_XREF_ADAPT_LATAM_TO_GEOGRAPHY_SUBNATIONAL,CREST_DATA_DEV.GTMC_ADAPT_TRANSFORMATIONS.V_XREF_ADAPT_LATAM_TO_SALES_SUBNATIONAL_ISP_ALL,VIEW_DEPENDENCY
COMBINED_DATA,CREST_DATA_DEV.GTMC_ADAPT_TRANSFORMATIONS.V_XREF_ADAPT_LATAM_TO_SALES_SUBNATIONAL_ISP_ALL,VIEW_DEPENDENCY
CO_MODIFIED_CHANNEL,CREST_DATA_DEV.GTMC_ADAPT_TRANSFORMATIONS.V_XREF_ADAPT_LATAM_TO_SALES_SUBNATIONAL_ISP_ALL,VIEW_DEPENDENCY
CREST_DATA_DEV.GTMC_ADAPT_TRANSFORMATIONS.V_XREF_ADAPT_LATAM_TO_PRODUCT_ID_ISP_ALL,CREST_DATA_DEV.GTMC_ADAPT_TRANSFORMATIONS.V_XREF_ADAPT_LATAM_TO_SALES_SUBNATIONAL_ISP_ALL,VIEW_DEPENDENCY
CREST_DATA_DEV.GTMC_ADAPT_TRANSFORMATIONS.V_CUSTOMER_ADAPT_LTM,CREST_DATA_DEV.GTMC_ADAPT_TRANSFORMATIONS.V_XREF_ADAPT_LATAM_TO_SALES_SUBNATIONAL_ISP_ALL,VIEW_DEPENDENCY
SHR_COMM_LTM_DEV.COMM_LTM_DEV_DMT_LTM.DMT_MX_AR_DDD_BASE,CREST_DATA_DEV.GTMC_ADAPT_TRANSFORMATIONS.V_XREF_ADAPT_LATAM_TO_SALES_SUBNATIONAL_ISP_ALL,VIEW_DEPENDENCY
DMT_MX_DDD_BASE_WIDE,CREST_DATA_DEV.GTMC_ADAPT_TRANSFORMATIONS.V_XREF_ADAPT_LTM_MX_DDD_BASE_WIDE_TO_SALES_SUBNATIONAL_ISP_ALL,VIEW_DEPENDENCY
V_XREF_ADAPT_LTM_MX_DDD_BASE_WIDE_TO_PRODUCT_ID_ISP_ALL,CREST_DATA_DEV.GTMC_ADAPT_TRANSFORMATIONS.V_XREF_ADAPT_LTM_MX_DDD_BASE_WIDE_TO_SALES_SUBNATIONAL_ISP_ALL,VIEW_DEPENDENCY
V_XREF_ADAPT_LTM_MX_DDD_BASE_WIDE_TO_CHANNEL,CREST_DATA_DEV.GTMC_ADAPT_TRANSFORMATIONS.V_XREF_ADAPT_LTM_MX_DDD_BASE_WIDE_TO_SALES_SUBNATIONAL_ISP_ALL,VIEW_DEPENDENCY
V_XREF_ADAPT_LTM_MX_DDD_BASE_WIDE_TO_GEOGRAPHY_SUBNATIONAL,CREST_DATA_DEV.GTMC_ADAPT_TRANSFORMATIONS.V_XREF_ADAPT_LTM_MX_DDD_BASE_WIDE_TO_SALES_SUBNATIONAL_ISP_ALL,VIEW_DEPENDENCY
V_XREF_ADAPT_LTM_MX_DDD_BASE_WIDE_TO_CALENDAR,CREST_DATA_DEV.GTMC_ADAPT_TRANSFORMATIONS.V_XREF_ADAPT_LTM_MX_DDD_BASE_WIDE_TO_SALES_SUBNATIONAL_ISP_ALL,VIEW_DEPENDENCY
SHR_UKIE_CDW_PROD.UKIE_CDW_PROD_DMT_CDW_CREST.DMT_PATIENTS,CREST_DATA_DEV.GTMC_ADAPT_TRANSFORMATIONS.V_XREF_ADAPT_UKIE_PATIENT_SALES_TO_PATIENT,VIEW_DEPENDENCY
SHR_UKIE_CDW_PROD.UKIE_CDW_PROD_DMT_CDW_CREST.DMT_PATIENT_SALES,CREST_DATA_DEV.GTMC_ADAPT_TRANSFORMATIONS.V_XREF_ADAPT_UKIE_PATIENT_SALES_TO_PATIENT,VIEW_DEPENDENCY
SHR_UKIE_CDW_PROD.UKIE_CDW_PROD_DMT_CDW_CREST.DMT_TFT_SALES_CEP_DAY,CREST_DATA_DEV.GTMC_ADAPT_TRANSFORMATIONS.V_XREF_ADAPT_UKIE_TFT_SALES_CEP_DAY_TO_ORDER_CD,VIEW_DEPENDENCY
SHR_DF_MARKET_PROD.DF_MARKET_PROD_DMT_ONEPRODUCT.DT_ONEPRODUCT_PKPR,CREST_DATA_DEV.GTMC_ADAPT_TRANSFORMATIONS.V_XREF_ADAPT_UKIE_TO_LOCAL_MANUFACTURER,VIEW_DEPENDENCY
CREST_DATA_DEV.GTMC_SANDBOX.TFT_SALES_CEP_DAY_FOCUSED_SOCIAL,CREST_DATA_DEV.GTMC_ADAPT_TRANSFORMATIONS.V_XREF_ADAPT_UKIE_TO_LOCAL_MANUFACTURER,VIEW_DEPENDENCY
SHR_UKIE_CDW_PROD.UKIE_CDW_PROD_DMT_CDW_CREST.DMT_TLU_PRODUCT,CREST_DATA_DEV.GTMC_ADAPT_TRANSFORMATIONS.V_XREF_ADAPT_UKIE_TO_LOCAL_MANUFACTURER,VIEW_DEPENDENCY
SHR_UKIE_CDW_PROD.UKIE_CDW_PROD_DMT_CDW_CREST.DMT_PATIENT_SALES,CREST_DATA_DEV.GTMC_ADAPT_TRANSFORMATIONS.V_XREF_ADAPT_UKIE_TO_LOCAL_MANUFACTURER,VIEW_DEPENDENCY
SHR_UKIE_CDW_PROD.UKIE_CDW_PROD_DMT_CDW_CREST.DMT_TFT_SALES_CEP_DAY,CREST_DATA_DEV.GTMC_ADAPT_TRANSFORMATIONS.V_XREF_ADAPT_UKIE_TO_LOCAL_MANUFACTURER,VIEW_DEPENDENCY
CREST_DATA_DEV.GTMC_MSDF_TRANSFORMATIONS.PRODUCT_ISP_ALL_MSDF,CREST_DATA_DEV.GTMC_MSDF_TRANSFORMATIONS.V_NON_MDM_PRODUCTS_W_MISSING_ATC_CLSF_CD,VIEW_DEPENDENCY
SHR_DF_MARKET_PROD.DF_MARKET_PROD_DMT_ONEPRODUCT.DT_ONEPRODUCT_CE,CREST_DATA_DEV.GTMC_XFOUNDATION_XREFERENCES.V_XREF_CE_INN_TO_MSDF_MOLECULE_LIST,VIEW_DEPENDENCY
SHR_DF_MARKET_PROD.DF_MARKET_PROD_DMT_ONEPRODUCT.DT_ONEPRODUCT_PKPR,CREST_DATA_DEV.GTMC_XFOUNDATION_XREFERENCES.V_XREF_CE_INN_TO_MSDF_MOLECULE_LIST,VIEW_DEPENDENCY
SHR_DF_MARKET_UAT.DF_MARKET_UAT_DMT_SALES_MARKET_SN_CREST.INGREDIENT_LST,CREST_DATA_DEV.GTMC_XFOUNDATION_XREFERENCES.V_XREF_CE_INN_TO_MSDF_MOLECULE_LIST,VIEW_DEPENDENCY
SHR_DF_MARKET_UAT.DF_MARKET_UAT_DMT_SALES_MARKET_SN_CREST.PRODUCT,CREST_DATA_DEV.GTMC_XFOUNDATION_XREFERENCES.V_XREF_CE_INN_TO_MSDF_MOLECULE_LIST,VIEW_DEPENDENCY
SALES_SUBNATIONAL_ISP_ALL_ADAPT,CREST_DATA_DEV.GTMC_ADAPT_TRANSFORMATIONS.V_SOURCE_ADAPT,VIEW_DEPENDENCY
V_XREF_MOLECULE_LIST_TO_LCL_MANUFACTURER_MX_UNIQUE,CREST_DATA_DEV.GTMC_ADAPT_TRANSFORMATIONS.V_XREF_ADAPT_LTM_GOB360_TO_LOCAL_MANUFACTURER,VIEW_DEPENDENCY
V_XREF_ADAPT_LTM_GOB360_TO_MOLECULE_LIST,CREST_DATA_DEV.GTMC_ADAPT_TRANSFORMATIONS.V_XREF_ADAPT_LTM_GOB360_TO_LOCAL_MANUFACTURER,VIEW_DEPENDENCY
SHR_COMM_LTM_DEV.COMM_LTM_DEV_DMT_LTM.DMT_MX_GOB360_BASE,CREST_DATA_DEV.GTMC_ADAPT_TRANSFORMATIONS.V_XREF_ADAPT_LTM_GOB360_TO_LOCAL_MANUFACTURER,VIEW_DEPENDENCY
SHR_DF_MARKET_PROD.DF_MARKET_PROD_DMT_ONEPRODUCT.DT_ONEPRODUCT_PKPR,CREST_DATA_DEV.GTMC_ADAPT_TRANSFORMATIONS.V_XREF_ADAPT_LTM_MX_DDD_BASE_WIDE_TO_LOCAL_MANUFACTURER,VIEW_DEPENDENCY
SHR_COMM_LTM_DEV.COMM_LTM_DEV_DMT_LTM.DMT_MX_AR_DDD_BASE,CREST_DATA_DEV.GTMC_ADAPT_TRANSFORMATIONS.V_XREF_ADAPT_LTM_MX_DDD_BASE_WIDE_TO_LOCAL_MANUFACTURER,VIEW_DEPENDENCY
SHR_UKIE_CDW_PROD.UKIE_CDW_PROD_DMT_CDW_CREST.DMT_PATIENT_SALES,CREST_DATA_DEV.GTMC_ADAPT_TRANSFORMATIONS.V_XREF_ADAPT_UKIE_PATIENT_SALES_TO_CHANNEL,VIEW_DEPENDENCY
SHR_UKIE_CDW_PROD.UKIE_CDW_PROD_DMT_CDW_CREST.DMT_PATIENT_SALES,CREST_DATA_DEV.GTMC_ADAPT_TRANSFORMATIONS.V_XREF_ADAPT_UKIE_PATIENT_SALES_TO_ORDER_NUMBER,VIEW_DEPENDENCY
SHR_DF_MARKET_PROD.DF_MARKET_PROD_DMT_ONEPRODUCT.DT_ONEPRODUCT_PKPR,CREST_DATA_DEV.GTMC_ADAPT_TRANSFORMATIONS.V_XREF_ADAPT_UKIE_TO_MOLECULE_LIST,VIEW_DEPENDENCY
CREST_DATA_DEV.GTMC_SANDBOX.TFT_SALES_CEP_DAY_FOCUSED_SOCIAL,CREST_DATA_DEV.GTMC_ADAPT_TRANSFORMATIONS.V_XREF_ADAPT_UKIE_TO_MOLECULE_LIST,VIEW_DEPENDENCY
SHR_UKIE_CDW_PROD.UKIE_CDW_PROD_DMT_CDW_CREST.DMT_TLU_PRODUCT,CREST_DATA_DEV.GTMC_ADAPT_TRANSFORMATIONS.V_XREF_ADAPT_UKIE_TO_MOLECULE_LIST,VIEW_DEPENDENCY
SHR_UKIE_CDW_PROD.UKIE_CDW_PROD_DMT_CDW_CREST.DMT_PATIENT_SALES,CREST_DATA_DEV.GTMC_ADAPT_TRANSFORMATIONS.V_XREF_ADAPT_UKIE_TO_MOLECULE_LIST,VIEW_DEPENDENCY
SHR_UKIE_CDW_PROD.UKIE_CDW_PROD_DMT_CDW_CREST.DMT_TFT_SALES_CEP_DAY,CREST_DATA_DEV.GTMC_ADAPT_TRANSFORMATIONS.V_XREF_ADAPT_UKIE_TO_MOLECULE_LIST,VIEW_DEPENDENCY
CREST_DATA_DEV.GTMC_SANDBOX.V_XREF_BRAND_IDS_TO_ATC_CLSF_CDS,CREST_DATA_DEV.GTMC_ADAPT_TRANSFORMATIONS.V_XREF_ADAPT_UKIE_TO_MOLECULE_LIST,VIEW_DEPENDENCY
CREST_DATA_DEV.GTMC_CREST.V_DMT_SALES_IN_ACTIVE_CREST_TEAMS,CREST_DATA_DEV.GTMC_CREST.V_DMT_SALES_IN_TEAM_CONTROL_TOTALS,VIEW_DEPENDENCY
SHR_DF_MARKET_PROD.DF_MARKET_PROD_DMT_ONEPRODUCT.DT_ONEPRODUCT_PKPR,CREST_DATA_DEV.GTMC_CREST.V_GLOBAL_CORPORATION_ONEPRODUCT,VIEW_DEPENDENCY
CREST_DATA_DEV.GTMC_CREST.V_MARKET_DISEASE,CREST_DATA_DEV.GTMC_MSDF_TRANSFORMATIONS.V_TEAM_TO_MARKETS_MSDF,VIEW_DEPENDENCY
V_TEAM_TO_MARKETS_MSDF_CANDIDATES,CREST_DATA_DEV.GTMC_MSDF_TRANSFORMATIONS.V_TEAM_TO_MARKETS_MSDF,VIEW_DEPENDENCY
GTMC_SANDBOX.V_MARKET_HARMONIZED_GLOBAL_PRODUCT_MSDF,CREST_DATA_DEV.GTMC_MSDF_TRANSFORMATIONS.V_XREF_MOLECULE_LIST_ATC_CLSF_CD_TO_WW_MARKETS_UNIQUE,VIEW_DEPENDENCY
CREST_DATA_DEV.GTMC_MSDF_TRANSFORMATIONS.V_MARKET_PRODUCT_MARKET_ISP_ALL_INTERIM,CREST_DATA_DEV.GTMC_MSDF_TRANSFORMATIONS.V_PRODUCT_ISP_ALL_INTERIM,VIEW_DEPENDENCY
SHR_DF_MARKET_PROD.DF_MARKET_PROD_DMT_SALES_MARKET_SN_CREST.PRODUCT_ISP_ALL,CREST_DATA_DEV.GTMC_MSDF_TRANSFORMATIONS.V_PRODUCT_ISP_ALL_INTERIM,VIEW_DEPENDENCY
SHR_DF_CI_PROD.DF_CI_PROD_DMT_CIA_CREST.DIM_BRICK,CREST_DATA_DEV.GTMC_CREST.V_GEOGRAPHY_SUBNATIONAL,VIEW_DEPENDENCY
V_CE_GEO_STATES,CREST_DATA_DEV.GTMC_CREST.V_GEOGRAPHY_SUBNATIONAL,VIEW_DEPENDENCY
V_CE_POSTAL_CODES,CREST_DATA_DEV.GTMC_CREST.V_GEOGRAPHY_SUBNATIONAL,VIEW_DEPENDENCY
CREST_DATA_DEV.GTMC_ADAPT_TRANSFORMATIONS.V_GEOGRAPHY_SUBNATIONAL_ADAPT,CREST_DATA_DEV.GTMC_CREST.V_GEOGRAPHY_SUBNATIONAL,VIEW_DEPENDENCY
CREST_DATA_DEV.GTMC_MSDF_TRANSFORMATIONS.V_GEOGRAPHY_SUBNATIONAL_MSDF,CREST_DATA_DEV.GTMC_CREST.V_GEOGRAPHY_SUBNATIONAL,VIEW_DEPENDENCY
V_CALENDAR_ADAPT_UKIE,CREST_DATA_DEV.GTMC_ADAPT_TRANSFORMATIONS.V_CALENDAR_ADAPT,VIEW_DEPENDENCY
V_CALENDAR_ADAPT_BR,CREST_DATA_DEV.GTMC_ADAPT_TRANSFORMATIONS.V_CALENDAR_ADAPT,VIEW_DEPENDENCY
V_CHANNEL_ADAPT_BR,CREST_DATA_DEV.GTMC_ADAPT_TRANSFORMATIONS.V_CHANNEL_ADAPT,VIEW_DEPENDENCY
V_CHANNEL_ADAPT_UKIE,CREST_DATA_DEV.GTMC_ADAPT_TRANSFORMATIONS.V_CHANNEL_ADAPT,VIEW_DEPENDENCY
SHR_DF_MARKET_PROD.DF_MARKET_PROD_DMT_ONEPRODUCT.DT_ONEPRODUCT_PKPR,CREST_DATA_DEV.GTMC_ADAPT_TRANSFORMATIONS.V_XREF_ADAPT_BR_TO_HARMONIZED_LOCAL_BRAND,VIEW_DEPENDENCY
CREST_DATA_DEV.GTMC_CREST.V_XREF_BRAND_IDS_TO_HRMZD_LCL_BRND_IDS_ONEPRODUCT,CREST_DATA_DEV.GTMC_ADAPT_TRANSFORMATIONS.V_XREF_ADAPT_BR_TO_HARMONIZED_LOCAL_BRAND,VIEW_DEPENDENCY
SHR_COMM_BRA_PROD.COMM_BRA_PROD_DWH_PAP_IQVIA_ED.DWH_M_ED,CREST_DATA_DEV.GTMC_ADAPT_TRANSFORMATIONS.V_XREF_ADAPT_BR_TO_HARMONIZED_LOCAL_BRAND,VIEW_DEPENDENCY
CREST_DATA_DEV.GTMC_CREST.V_HARMONIZED_LOCAL_BRAND_ONEPRODUCT,CREST_DATA_DEV.GTMC_ADAPT_TRANSFORMATIONS.V_XREF_ADAPT_BR_TO_HARMONIZED_LOCAL_BRAND,VIEW_DEPENDENCY
SHR_DF_MARKET_UAT.DF_MARKET_UAT_DMT_SALES_MARKET_SN_CREST.PRODUCT_LOCAL_CODE,CREST_DATA_DEV.GTMC_ADAPT_TRANSFORMATIONS.V_XREF_ADAPT_BR_TO_HARMONIZED_LOCAL_BRAND,VIEW_DEPENDENCY
SHR_DF_MARKET_UAT.DF_MARKET_UAT_DMT_SALES_MARKET_SN_CREST.PRODUCT,CREST_DATA_DEV.GTMC_ADAPT_TRANSFORMATIONS.V_XREF_ADAPT_BR_TO_HARMONIZED_LOCAL_BRAND,VIEW_DEPENDENCY
SHR_COMM_BRA_PROD.COMM_BRA_PROD_DWH_PAP_IQVIA_ED.DWH_M_ED,CREST_DATA_DEV.GTMC_ADAPT_TRANSFORMATIONS.V_XREF_ADAPT_BR_TO_LOCAL_MANUFACTURER,VIEW_DEPENDENCY
SHR_DF_MARKET_PROD.DF_MARKET_PROD_DMT_ONEPRODUCT.DT_ONEPRODUCT_PKPR,CREST_DATA_DEV.GTMC_ADAPT_TRANSFORMATIONS.V_XREF_ADAPT_BR_TO_LOCAL_MANUFACTURER,VIEW_DEPENDENCY
SHR_DF_MARKET_UAT.DF_MARKET_UAT_DMT_SALES_MARKET_SN_CREST.PRODUCT_LOCAL_CODE_ISP_ALL,CREST_DATA_DEV.GTMC_ADAPT_TRANSFORMATIONS.V_XREF_ADAPT_BR_TO_LOCAL_MANUFACTURER,VIEW_DEPENDENCY
SHR_DF_MARKET_UAT.DF_MARKET_UAT_DMT_SALES_MARKET_SN_CREST.PRODUCT_ISP_ALL,CREST_DATA_DEV.GTMC_ADAPT_TRANSFORMATIONS.V_XREF_ADAPT_BR_TO_LOCAL_MANUFACTURER,VIEW_DEPENDENCY
SHR_COMM_BRA_PROD.COMM_BRA_PROD_DWH_PAP_IQVIA_ED.DWH_M_ED,CREST_DATA_DEV.GTMC_ADAPT_TRANSFORMATIONS.V_XREF_ADAPT_BR_TO_PRODUCT_ID_ISP_ALL,VIEW_DEPENDENCY
SHR_DF_MARKET_PROD.DF_MARKET_PROD_DMT_SALES_MARKET_SN_CREST.PRODUCT_LOCAL_CODE_ISP_ALL,CREST_DATA_DEV.GTMC_ADAPT_TRANSFORMATIONS.V_XREF_ADAPT_BR_TO_PRODUCT_ID_ISP_ALL,VIEW_DEPENDENCY
CREST_DATA_DEV.GTMC_CREST.V_DT_ONEPRODUCT_PKPR_ENHANCED,CREST_DATA_DEV.GTMC_ADAPT_TRANSFORMATIONS.V_XREF_ADAPT_BR_TO_PRODUCT_ID_ISP_ALL,VIEW_DEPENDENCY
SHR_DF_MARKET_PROD.DF_MARKET_PROD_DMT_SALES_MARKET_SN_CREST.PRODUCT_ISP_ALL,CREST_DATA_DEV.GTMC_ADAPT_TRANSFORMATIONS.V_XREF_ADAPT_BR_TO_PRODUCT_ID_ISP_ALL,VIEW_DEPENDENCY
SHR_COMM_LTM_DEV.COMM_LTM_DEV_DMT_LTM.DMT_MX_GOB360_BASE,CREST_DATA_DEV.GTMC_ADAPT_TRANSFORMATIONS.V_XREF_ADAPT_LTM_GOB360_TO_CHANNEL,VIEW_DEPENDENCY
SHR_UKIE_CDW_PROD.UKIE_CDW_PROD_DMT_CDW_CREST.DMT_PATIENT_SALES,CREST_DATA_DEV.GTMC_ADAPT_TRANSFORMATIONS.V_XREF_ADAPT_UKIE_PATIENT_SALES_TO_CALENDAR,VIEW_DEPENDENCY
SHR_DF_MARKET_PROD.DF_MARKET_PROD_DMT_ONEPRODUCT.DT_ONEPRODUCT_PKPR,CREST_DATA_DEV.GTMC_ADAPT_TRANSFORMATIONS.V_XREF_ADAPT_UKIE_TFT_SOCIAL_TO_ATC4,VIEW_DEPENDENCY
CREST_DATA_DEV.GTMC_SANDBOX.TFT_SALES_CEP_DAY_FOCUSED_SOCIAL,CREST_DATA_DEV.GTMC_ADAPT_TRANSFORMATIONS.V_XREF_ADAPT_UKIE_TFT_SOCIAL_TO_ATC4,VIEW_DEPENDENCY
SHR_UKIE_CDW_PROD.UKIE_CDW_PROD_DMT_CDW_CREST.DMT_TLU_PRODUCT,CREST_DATA_DEV.GTMC_ADAPT_TRANSFORMATIONS.V_XREF_ADAPT_UKIE_TFT_SOCIAL_TO_ATC4,VIEW_DEPENDENCY
SHR_UKIE_CDW_PROD.UKIE_CDW_PROD_DMT_CDW_CREST.DMT_TFT_SALES_CEP_DAY,CREST_DATA_DEV.GTMC_ADAPT_TRANSFORMATIONS.V_XREF_ADAPT_UKIE_TFT_SOCIAL_TO_ATC4,VIEW_DEPENDENCY
CREST_DATA_DEV.GTMC_MSDF_TRANSFORMATIONS.V_XREF_HARMONIZED_LOCAL_BRANDS_TO_ATC_CLSF_CDS,CREST_DATA_DEV.GTMC_ADAPT_TRANSFORMATIONS.V_XREF_ADAPT_UKIE_TFT_SOCIAL_TO_ATC4,VIEW_DEPENDENCY
V_XREF_ADAPT_UKIE_TFT_SOCIAL_TO_HARMONIZED_LOCAL_BRAND,CREST_DATA_DEV.GTMC_ADAPT_TRANSFORMATIONS.V_XREF_ADAPT_UKIE_TFT_SOCIAL_TO_ATC4,VIEW_DEPENDENCY
CREST_DATA_DEV.GTMC_CREST.HCO_TO_TERRITORY,CREST_DATA_DEV.GTMC_CREST.V_DMT_SALES_IN_ACTIVE_CREST_BRAND_DISEASE,VIEW_DEPENDENCY
CREST_DATA_DEV.GTMC_CREST.TEAM_TO_BRAND_DISEASE,CREST_DATA_DEV.GTMC_CREST.V_DMT_SALES_IN_ACTIVE_CREST_BRAND_DISEASE,VIEW_DEPENDENCY
CREST_DATA_DEV.GTMC_CREST.V_DMT_SALES_IN_CREDITED_SALES,CREST_DATA_DEV.GTMC_CREST.V_DMT_SALES_IN_ACTIVE_CREST_BRAND_DISEASE,VIEW_DEPENDENCY
CREST_DATA_DEV.GTMC_CREST.PRODUCT_MARKET_ISP_ALL,CREST_DATA_DEV.GTMC_ADAPT_TRANSFORMATIONS.V_SALES_SUBNATIONAL_ISP_ALL_MKTS_ADAPT,VIEW_DEPENDENCY
CREST_DATA_DEV.GTMC_ADAPT_TRANSFORMATIONS.SALES_SUBNATIONAL_ISP_ALL_ADAPT,CREST_DATA_DEV.GTMC_ADAPT_TRANSFORMATIONS.V_SALES_SUBNATIONAL_ISP_ALL_MKTS_ADAPT,VIEW_DEPENDENCY
CREST_DATA_DEV.GTMC_ADAPT_TRANSFORMATIONS.V_PRODUCT_MARKET_ISP_ALL_ADAPT,CREST_DATA_DEV.GTMC_ADAPT_TRANSFORMATIONS.V_TEAM_TO_SANOFI_MARKETS_ADAPT,VIEW_DEPENDENCY
CREST_DATA_DEV.GTMC_MSDF_TRANSFORMATIONS.V_TEAM_TO_BRAND_DISEASE_CORRECTED,CREST_DATA_DEV.GTMC_ADAPT_TRANSFORMATIONS.V_TEAM_TO_SANOFI_MARKETS_ADAPT,VIEW_DEPENDENCY
SHR_DF_MARKET_UAT.DF_MARKET_UAT_DMT_SALES_MARKET_SN_CREST.MARKET,CREST_DATA_DEV.GTMC_ADAPT_TRANSFORMATIONS.V_TEAM_TO_SANOFI_MARKETS_ADAPT,VIEW_DEPENDENCY
CREST_DATA_DEV.GTMC_SANDBOX.V_TEAM_TO_BRAND_DISEASE,CREST_DATA_DEV.GTMC_ADAPT_TRANSFORMATIONS.V_TEAM_TO_SANOFI_MARKETS_ADAPT,VIEW_DEPENDENCY
V_XREF_ADAPT_UKIE_PATIENT_SALES_TO_PRODUCT_ID_ISP_ALL,CREST_DATA_DEV.GTMC_ADAPT_TRANSFORMATIONS.V_XREF_ADAPT_UKIE_PATIENT_SALES_TO_HARMONIZED_LOCAL_BRAND,VIEW_DEPENDENCY
SHR_DF_MARKET_PROD.DF_MARKET_PROD_DMT_ONEPRODUCT.DT_ONEPRODUCT_PKPR,CREST_DATA_DEV.GTMC_ADAPT_TRANSFORMATIONS.V_XREF_ADAPT_UKIE_PATIENT_SALES_TO_HARMONIZED_LOCAL_BRAND,VIEW_DEPENDENCY
SHR_UKIE_CDW_PROD.UKIE_CDW_PROD_DMT_CDW_CREST.DMT_PATIENT_SALES,CREST_DATA_DEV.GTMC_ADAPT_TRANSFORMATIONS.V_XREF_ADAPT_UKIE_PATIENT_SALES_TO_HARMONIZED_LOCAL_BRAND,VIEW_DEPENDENCY
V_XREF_ADAPT_UKIE_PATIENT_SALES_TO_PRODUCT_ID_ISP_ALL,CREST_DATA_DEV.GTMC_ADAPT_TRANSFORMATIONS.V_XREF_ADAPT_UKIE_PATIENT_SALES_TO_LOCAL_BRAND,VIEW_DEPENDENCY
SHR_DF_MARKET_PROD.DF_MARKET_PROD_DMT_ONEPRODUCT.DT_ONEPRODUCT_PKPR,CREST_DATA_DEV.GTMC_ADAPT_TRANSFORMATIONS.V_XREF_ADAPT_UKIE_PATIENT_SALES_TO_LOCAL_BRAND,VIEW_DEPENDENCY
SHR_UKIE_CDW_PROD.UKIE_CDW_PROD_DMT_CDW_CREST.DMT_PATIENT_SALES,CREST_DATA_DEV.GTMC_ADAPT_TRANSFORMATIONS.V_XREF_ADAPT_UKIE_PATIENT_SALES_TO_LOCAL_BRAND,VIEW_DEPENDENCY
SHR_UKIE_CDW_PROD.UKIE_CDW_PROD_DMT_CDW_CREST.DMT_TLU_PRODUCT,CREST_DATA_DEV.GTMC_ADAPT_TRANSFORMATIONS.V_XREF_ADAPT_UKIE_TFT_SOCIAL_TO_LOCAL_MANUFACTURER,VIEW_DEPENDENCY
SHR_DF_MARKET_PROD.DF_MARKET_PROD_DMT_ONEPRODUCT.DT_ONEPRODUCT_PKPR,CREST_DATA_DEV.GTMC_ADAPT_TRANSFORMATIONS.V_XREF_ADAPT_UKIE_TFT_SOCIAL_TO_LOCAL_MANUFACTURER,VIEW_DEPENDENCY
CREST_DATA_DEV.GTMC_SANDBOX.TFT_SALES_CEP_DAY_FOCUSED_SOCIAL,CREST_DATA_DEV.GTMC_ADAPT_TRANSFORMATIONS.V_XREF_ADAPT_UKIE_TFT_SOCIAL_TO_LOCAL_MANUFACTURER,VIEW_DEPENDENCY
SHR_UKIE_CDW_PROD.UKIE_CDW_PROD_DMT_CDW_CREST.DMT_TFT_SALES_CEP_DAY,CREST_DATA_DEV.GTMC_ADAPT_TRANSFORMATIONS.V_XREF_ADAPT_UKIE_TFT_SOCIAL_TO_LOCAL_MANUFACTURER,VIEW_DEPENDENCY
CREST_DATA_DEV.GTMC_MSDF_TRANSFORMATIONS.V_CALENDAR_MSDF,CREST_DATA_DEV.GTMC_CREST.V_CALENDAR,VIEW_DEPENDENCY
CREST_DATA_DEV.GTMC_ADAPT_TRANSFORMATIONS.V_CALENDAR_ADAPT,CREST_DATA_DEV.GTMC_CREST.V_CALENDAR,VIEW_DEPENDENCY
CREST_DATA_DEV.GTMC_CREST.HCO_TO_TERRITORY,CREST_DATA_DEV.GTMC_CREST.V_DMT_SALES_IN_ACTIVE_CREST_TEAMS_TO_TERRITORY,VIEW_DEPENDENCY
CREST_DATA_DEV.GTMC_CREST.TEAM_TO_BRAND_DISEASE,CREST_DATA_DEV.GTMC_CREST.V_DMT_SALES_IN_ACTIVE_CREST_TEAMS_TO_TERRITORY,VIEW_DEPENDENCY
CREST_DATA_DEV.GTMC_CREST.V_DMT_SALES_IN_CREDITED_SALES,CREST_DATA_DEV.GTMC_CREST.V_DMT_SALES_IN_ACTIVE_CREST_TEAMS_TO_TERRITORY,VIEW_DEPENDENCY
SHR_DF_MARKET_PROD.DF_MARKET_PROD_DMT_ONEPRODUCT.DT_ONEPRODUCT_PKPR,CREST_DATA_DEV.GTMC_CREST.V_MOLECULE_LIST,VIEW_DEPENDENCY
CREST_DATA_DEV.GTMC_ADAPT_TRANSFORMATIONS.V_XREF_ADAPT_BR_TO_LOCAL_MANUFACTURER,CREST_DATA_DEV.GTMC_ADAPT_TRANSFORMATIONS.V_XREF_ADAPT_BR_TO_MSDF_BRAND_HIERARCHY,VIEW_DEPENDENCY
CREST_DATA_DEV.GTMC_ADAPT_TRANSFORMATIONS.V_XREF_ADAPT_BR_TO_HARMONIZED_LOCAL_BRAND,CREST_DATA_DEV.GTMC_ADAPT_TRANSFORMATIONS.V_XREF_ADAPT_BR_TO_MSDF_BRAND_HIERARCHY,VIEW_DEPENDENCY
CREST_DATA_DEV.GTMC_ADAPT_TRANSFORMATIONS.V_XREF_ADAPT_BR_TO_MSDF_BRANDS,CREST_DATA_DEV.GTMC_ADAPT_TRANSFORMATIONS.V_XREF_ADAPT_BR_TO_MSDF_BRAND_HIERARCHY,VIEW_DEPENDENCY
CREST_DATA_DEV.GTMC_ADAPT_TRANSFORMATIONS.V_XREF_ADAPT_BR_TO_BRAND,CREST_DATA_DEV.GTMC_ADAPT_TRANSFORMATIONS.V_XREF_ADAPT_BR_TO_MSDF_BRAND_HIERARCHY,VIEW_DEPENDENCY
CREST_DATA_DEV.GTMC_ADAPT_TRANSFORMATIONS.V_XREF_ADAPT_BR_TO_MOLECULE_LIST,CREST_DATA_DEV.GTMC_ADAPT_TRANSFORMATIONS.V_XREF_ADAPT_BR_TO_MSDF_BRAND_HIERARCHY,VIEW_DEPENDENCY
CREST_DATA_DEV.GTMC_ADAPT_TRANSFORMATIONS.V_XREF_ADAPT_BR_TO_HARMONIZED_GLOBAL_PRODUCT,CREST_DATA_DEV.GTMC_ADAPT_TRANSFORMATIONS.V_XREF_ADAPT_BR_TO_MSDF_BRAND_HIERARCHY,VIEW_DEPENDENCY
CREST_DATA_DEV.GTMC_ADAPT_TRANSFORMATIONS.V_XREF_ADAPT_BR_TO_LOCAL_BRAND,CREST_DATA_DEV.GTMC_ADAPT_TRANSFORMATIONS.V_XREF_ADAPT_BR_TO_MSDF_BRAND_HIERARCHY,VIEW_DEPENDENCY
SHR_UKIE_CDW_PROD.UKIE_CDW_PROD_DMT_CDW_CREST.DMT_TLU_PRODUCT,CREST_DATA_DEV.GTMC_ADAPT_TRANSFORMATIONS.V_XREF_ADAPT_UKIE_TFT_SOCIAL_TO_HARMONIZED_LOCAL_BRAND,VIEW_DEPENDENCY
SHR_DF_MARKET_PROD.DF_MARKET_PROD_DMT_ONEPRODUCT.DT_ONEPRODUCT_PKPR,CREST_DATA_DEV.GTMC_ADAPT_TRANSFORMATIONS.V_XREF_ADAPT_UKIE_TFT_SOCIAL_TO_HARMONIZED_LOCAL_BRAND,VIEW_DEPENDENCY
CREST_DATA_DEV.GTMC_SANDBOX.TFT_SALES_CEP_DAY_FOCUSED_SOCIAL,CREST_DATA_DEV.GTMC_ADAPT_TRANSFORMATIONS.V_XREF_ADAPT_UKIE_TFT_SOCIAL_TO_HARMONIZED_LOCAL_BRAND,VIEW_DEPENDENCY
SHR_UKIE_CDW_PROD.UKIE_CDW_PROD_DMT_CDW_CREST.DMT_TFT_SALES_CEP_DAY,CREST_DATA_DEV.GTMC_ADAPT_TRANSFORMATIONS.V_XREF_ADAPT_UKIE_TFT_SOCIAL_TO_HARMONIZED_LOCAL_BRAND,VIEW_DEPENDENCY
CREST_DATA_DEV.GTMC_ADAPT_TRANSFORMATIONS.V_SALES_AGGREGATION_ADAPT,CREST_DATA_DEV.GTMC_CREST.V_SALES_AGGREGATION,VIEW_DEPENDENCY
CREST_DATA_DEV.GTMC_MSDF_TRANSFORMATIONS.PRODUCT_ISP_ALL_MSDF,CREST_DATA_DEV.GTMC_MSDF_TRANSFORMATIONS.V_NON_MDM_PRODUCTS_W_MISSING_MOLECULE_LISTS,VIEW_DEPENDENCY
CREST_DATA_DEV.GTMC_MSDF_TRANSFORMATIONS.V_TEAM_TO_SANOFI_MARKETS,CREST_DATA_DEV.GTMC_MSDF_TRANSFORMATIONS.V_TEAM_TO_MARKETS,VIEW_DEPENDENCY
CREST_DATA_DEV.GTMC_MSDF_TRANSFORMATIONS.PRODUCT_MARKET_ISP_ALL_MSDF,CREST_DATA_DEV.GTMC_MSDF_TRANSFORMATIONS.V_TEAM_TO_MARKETS_MSDF_CANDIDATES,VIEW_DEPENDENCY
V_TEAM_TO_SANOFI_MARKETS_MSDF_CANDIDATES,CREST_DATA_DEV.GTMC_MSDF_TRANSFORMATIONS.V_TEAM_TO_MARKETS_MSDF_CANDIDATES,VIEW_DEPENDENCY
V_CRM_GEO_HIERARCHY_MSDF,CREST_DATA_DEV.GTMC_MSDF_TRANSFORMATIONS.V_XREF_BRICKS_FR_TO_TEAM_TERRITORIES,VIEW_DEPENDENCY
SHR_DF_CI_PROD.DF_CI_PROD_DMT_CIA_CREST.DIM_TERRITORY_BRICK,CREST_DATA_DEV.GTMC_MSDF_TRANSFORMATIONS.V_XREF_BRICKS_FR_TO_TEAM_TERRITORIES,VIEW_DEPENDENCY
SHR_DF_CI_PROD.DF_CI_PROD_DMT_CIA_CREST.DIM_TERRITORY,CREST_DATA_DEV.GTMC_MSDF_TRANSFORMATIONS.V_XREF_BRICKS_FR_TO_TEAM_TERRITORIES,VIEW_DEPENDENCY
SHR_DF_CI_PROD.DF_CI_PROD_DMT_CIA_CREST.DIM_TEAM_TERRITORY,CREST_DATA_DEV.GTMC_MSDF_TRANSFORMATIONS.V_XREF_BRICKS_FR_TO_TEAM_TERRITORIES,VIEW_DEPENDENCY
CREST_DATA_DEV.GTMC_SANDBOX.V_XREF_MOLECULE_LIST_ATC_CLSF_CD_TO_WW_MARKETS_UNIQUE,CREST_DATA_DEV.GTMC_MSDF_TRANSFORMATIONS.V_XREF_MOLECULE_LIST_HARMONIZED_GLOBAL_PRODUCT_TO_WW_MARKETS_UNIQUE,VIEW_DEPENDENCY
CREST_DATA_DEV.GTMC_SANDBOX.V_MARKET_HARMONIZED_GLOBAL_PRODUCT_MSDF,CREST_DATA_DEV.GTMC_MSDF_TRANSFORMATIONS.V_XREF_MOLECULE_LIST_HARMONIZED_GLOBAL_PRODUCT_TO_WW_MARKETS_UNIQUE,VIEW_DEPENDENCY
CREST_DATA_DEV.GTMC_SANDBOX.TFT_SALES_CEP_DAY_FOCUSED_SOCIAL,CREST_DATA_DEV.GTMC_SANDBOX.V_GEO_CODE_BR,VIEW_DEPENDENCY
SHR_COMM_BRA_DEV.COMM_BRA_DEV_DMT_PAP.DIM_V_PDV,CREST_DATA_DEV.GTMC_SANDBOX.V_GEO_CODE_BR,VIEW_DEPENDENCY
SHR_COMM_BRA_DEV.COMM_BRA_DEV_DWH_PAP_IQVIA_ED.DWH_M_ED,CREST_DATA_DEV.GTMC_SANDBOX.V_GEO_CODE_BR,VIEW_DEPENDENCY
SHR_COMM_BRA_DEV.COMM_BRA_DEV_DMT_PAP.DIM_BRICK_CIDADE,CREST_DATA_DEV.GTMC_SANDBOX.V_GEO_CODE_BR,VIEW_DEPENDENCY
SHR_DF_CI_PROD.DF_CI_PROD_DMT_CIA_CREST.DIM_HCO,CREST_DATA_DEV.GTMC_SANDBOX.V_GEO_CODE_BR,VIEW_DEPENDENCY
CREST_DATA_DEV.GTMC_CREST.GEO_CUSTOMER,CREST_DATA_DEV.GTMC_ZAIDYN.V_GEO_CODE,VIEW_DEPENDENCY
SHR_UKIE_CDW_PROD.UKIE_CDW_PROD_DMT_CDW_CREST.DMT_TFT_SALES_CEP_DAY,CREST_DATA_DEV.GTMC_ADAPT_TRANSFORMATIONS.V_XREF_ADAPT_UKIE_TFT_SALES_CEP_DAY_TO_CUSTOMER_CD,VIEW_DEPENDENCY
SHR_UKIE_CDW_PROD.UKIE_CDW_PROD_DMT_CDW_CREST.DMT_TLU_CUSTOMER,CREST_DATA_DEV.GTMC_ADAPT_TRANSFORMATIONS.V_XREF_ADAPT_UKIE_TFT_SALES_CEP_DAY_TO_CUSTOMER_CD,VIEW_DEPENDENCY
V_XREF_ADAPT_BR_TO_CHANNEL,CREST_DATA_DEV.GTMC_ADAPT_TRANSFORMATIONS.V_CHANNEL_ADAPT_BR,VIEW_DEPENDENCY
V_DMT_MX_GOB360_BASE_INTERIM,CREST_DATA_DEV.GTMC_ADAPT_TRANSFORMATIONS.V_DMT_MX_GOB360_BASE_WIDE,VIEW_DEPENDENCY
V_INSTITUCION_TO_UNIDAD_MX_UNIQUE,CREST_DATA_DEV.GTMC_ADAPT_TRANSFORMATIONS.V_XREF_ADAPT_LTM_GOB360_TO_CUSTOMER,VIEW_DEPENDENCY
SHR_COMM_LTM_DEV.COMM_LTM_DEV_DMT_LTM.DMT_MX_GOB360_BASE,CREST_DATA_DEV.GTMC_ADAPT_TRANSFORMATIONS.V_XREF_ADAPT_LTM_GOB360_TO_CUSTOMER,VIEW_DEPENDENCY
DMT_MX_DDD_BASE_WIDE,CREST_DATA_DEV.GTMC_ADAPT_TRANSFORMATIONS.V_XREF_ADAPT_LTM_MX_DDD_BASE_WIDE_TO_GEOGRAPHY_SUBNATIONAL,VIEW_DEPENDENCY
V_XREF_ADAPT_UKIE_PATIENT_SALES_TO_PRODUCT_ID_ISP_ALL,CREST_DATA_DEV.GTMC_ADAPT_TRANSFORMATIONS.V_XREF_ADAPT_UKIE_PATIENT_SALES_TO_LOCAL_MANUFACTURER,VIEW_DEPENDENCY
SHR_DF_MARKET_PROD.DF_MARKET_PROD_DMT_ONEPRODUCT.DT_ONEPRODUCT_PKPR,CREST_DATA_DEV.GTMC_ADAPT_TRANSFORMATIONS.V_XREF_ADAPT_UKIE_PATIENT_SALES_TO_LOCAL_MANUFACTURER,VIEW_DEPENDENCY
SHR_UKIE_CDW_PROD.UKIE_CDW_PROD_DMT_CDW_CREST.DMT_PATIENT_SALES,CREST_DATA_DEV.GTMC_ADAPT_TRANSFORMATIONS.V_XREF_ADAPT_UKIE_PATIENT_SALES_TO_LOCAL_MANUFACTURER,VIEW_DEPENDENCY
SHR_UKIE_CDW_PROD.UKIE_CDW_PROD_DMT_CDW_CREST.DMT_TLU_PRODUCT,CREST_DATA_DEV.GTMC_ADAPT_TRANSFORMATIONS.V_XREF_ADAPT_UKIE_TFT_SALES_CEP_DAY_TO_GMID_ID,VIEW_DEPENDENCY
SHR_UKIE_CDW_PROD.UKIE_CDW_PROD_DMT_CDW_CREST.DMT_TFT_SALES_CEP_DAY,CREST_DATA_DEV.GTMC_ADAPT_TRANSFORMATIONS.V_XREF_ADAPT_UKIE_TFT_SALES_CEP_DAY_TO_GMID_ID,VIEW_DEPENDENCY
SHR_DF_MARKET_UAT.DF_MARKET_UAT_DMT_SALES_MARKET_SN_CREST.COUNTRY,CREST_DATA_DEV.GTMC_ADAPT_TRANSFORMATIONS.V_XREF_ADAPT_UKIE_TFT_SOCIAL_TO_COUNTRY,VIEW_DEPENDENCY
TFT_SALES_CEP_DAY_FOCUSED_SOCIAL,CREST_DATA_DEV.GTMC_ADAPT_TRANSFORMATIONS.V_XREF_ADAPT_UKIE_TFT_SOCIAL_TO_COUNTRY,VIEW_DEPENDENCY
SHR_DF_MARKET_PROD.DF_MARKET_PROD_DMT_ONEPRODUCT.DT_ONEPRODUCT_PKPR,CREST_DATA_DEV.GTMC_ADAPT_TRANSFORMATIONS.V_XREF_MOLECULE_LIST_TO_GBL_CORP_MX_UNIQUE,VIEW_DEPENDENCY
SHR_DF_MARKET_PROD.DF_MARKET_PROD_DMT_ONEPRODUCT.DT_ONEPRODUCT_PKPR,CREST_DATA_DEV.GTMC_MSDF_TRANSFORMATIONS.V_PRODUCT_ISP_ALL_NON_MDM_PRODUCTS_W_BRND_NAMES,VIEW_DEPENDENCY
CREST_DATA_DEV.GTMC_MSDF_TRANSFORMATIONS.V_XREF_BRAND_IDS_TO_ATC_CLSF_CDS,CREST_DATA_DEV.GTMC_MSDF_TRANSFORMATIONS.V_PRODUCT_ISP_ALL_NON_MDM_PRODUCTS_W_BRND_NAMES,VIEW_DEPENDENCY
V_PRODUCT_ISP_ALL_INTERIM,CREST_DATA_DEV.GTMC_MSDF_TRANSFORMATIONS.V_PRODUCT_ISP_ALL_NON_MDM_PRODUCTS_W_BRND_NAMES,VIEW_DEPENDENCY
SHR_DF_MARKET_PROD.DF_MARKET_PROD_DMT_SALES_MARKET_SN_CREST.SALES_SUBNATIONAL_ISP_ALL,CREST_DATA_DEV.GTMC_MSDF_TRANSFORMATIONS.V_PRODUCT_ISP_ALL_NON_MDM_PRODUCTS_W_BRND_NAMES,VIEW_DEPENDENCY
CREST_DATA_DEV.GTMC_MSDF_TRANSFORMATIONS.V_PRODUCT_ISP_ALL_INTERIM,CREST_DATA_DEV.GTMC_MSDF_TRANSFORMATIONS.V_PRODUCT_ISP_ALL_NON_MDM_PRODUCTS_W_BRND_NAMES,VIEW_DEPENDENCY
SHR_DF_MARKET_PROD.DF_MARKET_PROD_DMT_SALES_MARKET_SN_CREST.PRODUCT_ISP_ALL,CREST_DATA_DEV.GTMC_MSDF_TRANSFORMATIONS.V_PRODUCT_ISP_ALL_NON_MDM_PRODUCTS_W_BRND_NAMES,VIEW_DEPENDENCY
CREST_DATA_DEV.GTMC_MSDF_TRANSFORMATIONS.V_XREF_HARMONIZED_LOCAL_BRANDS_TO_ATC_CLSF_CDS,CREST_DATA_DEV.GTMC_MSDF_TRANSFORMATIONS.V_PRODUCT_ISP_ALL_NON_MDM_PRODUCTS_W_BRND_NAMES,VIEW_DEPENDENCY
SHR_DF_MARKET_PROD.DF_MARKET_PROD_DMT_SALES_MARKET_SN_CREST.PRODUCT,CREST_DATA_DEV.GTMC_MSDF_TRANSFORMATIONS.V_PRODUCT_ISP_ALL_NON_MDM_PRODUCTS_W_BRND_NAMES,VIEW_DEPENDENCY
V_XREF_ADAPT_UKIE_TFT_SOCIAL_TO_GEOGRAPHY_SUBNATIONAL,CREST_DATA_DEV.GTMC_ADAPT_TRANSFORMATIONS.V_GEOGRAPHY_SUBNATIONAL_ADAPT_UKIE,VIEW_DEPENDENCY
V_SALES_SUBNATIONAL_ISP_ALL_ADAPT_LTM,CREST_DATA_DEV.GTMC_ADAPT_TRANSFORMATIONS.V_SALES_SUBNATIONAL_ISP_ALL_ADAPT,VIEW_DEPENDENCY
V_SALES_SUBNATIONAL_ISP_ALL_ADAPT_UKIE,CREST_DATA_DEV.GTMC_ADAPT_TRANSFORMATIONS.V_SALES_SUBNATIONAL_ISP_ALL_ADAPT,VIEW_DEPENDENCY
V_SALES_SUBNATIONAL_ISP_ALL_ADAPT_BR,CREST_DATA_DEV.GTMC_ADAPT_TRANSFORMATIONS.V_SALES_SUBNATIONAL_ISP_ALL_ADAPT,VIEW_DEPENDENCY
V_XREF_ADAPT_LTM_GOB360_TO_SALES_SUBNATIONAL_ISP_ALL,CREST_DATA_DEV.GTMC_ADAPT_TRANSFORMATIONS.V_SALES_SUBNATIONAL_ISP_ALL_ADAPT_LTM,VIEW_DEPENDENCY
V_XREF_ADAPT_LTM_MX_DDD_BASE_WIDE_TO_SALES_SUBNATIONAL_ISP_ALL,CREST_DATA_DEV.GTMC_ADAPT_TRANSFORMATIONS.V_SALES_SUBNATIONAL_ISP_ALL_ADAPT_LTM,VIEW_DEPENDENCY
V_XREF_ADAPT_LTM_GOB360_TO_MOLECULE_LIST,CREST_DATA_DEV.GTMC_ADAPT_TRANSFORMATIONS.V_XREF_ADAPT_LTM_GOB360_TO_GLOBAL_CORPORATION,VIEW_DEPENDENCY
V_XREF_MOLECULE_LIST_TO_GBL_CORP_MX_UNIQUE,CREST_DATA_DEV.GTMC_ADAPT_TRANSFORMATIONS.V_XREF_ADAPT_LTM_GOB360_TO_GLOBAL_CORPORATION,VIEW_DEPENDENCY
SHR_COMM_LTM_DEV.COMM_LTM_DEV_DMT_LTM.DMT_MX_GOB360_BASE,CREST_DATA_DEV.GTMC_ADAPT_TRANSFORMATIONS.V_XREF_ADAPT_LTM_GOB360_TO_GLOBAL_CORPORATION,VIEW_DEPENDENCY
SHR_COMM_LTM_DEV.COMM_LTM_DEV_DMT_LTM.DMT_MX_GOB360_BASE,CREST_DATA_DEV.GTMC_ADAPT_TRANSFORMATIONS.V_XREF_ADAPT_LTM_GOB360_TO_PRODUCT_ID_ISP_ALL,VIEW_DEPENDENCY
V_XREF_ADAPT_LTM_GOB360_TO_PRODUCT_ID_ISP_ALL,CREST_DATA_DEV.GTMC_ADAPT_TRANSFORMATIONS.V_XREF_ADAPT_LTM_GOB360_TO_SALES_SUBNATIONAL_ISP_ALL,VIEW_DEPENDENCY
V_XREF_ADAPT_LTM_GOB360_TO_GEOGRAPHY_SUBNATIONAL,CREST_DATA_DEV.GTMC_ADAPT_TRANSFORMATIONS.V_XREF_ADAPT_LTM_GOB360_TO_SALES_SUBNATIONAL_ISP_ALL,VIEW_DEPENDENCY
V_XREF_ADAPT_LTM_GOB360_TO_CALENDAR,CREST_DATA_DEV.GTMC_ADAPT_TRANSFORMATIONS.V_XREF_ADAPT_LTM_GOB360_TO_SALES_SUBNATIONAL_ISP_ALL,VIEW_DEPENDENCY
V_XREF_ADAPT_LTM_GOB360_TO_SALES_EVENT_CLASSIFICATION,CREST_DATA_DEV.GTMC_ADAPT_TRANSFORMATIONS.V_XREF_ADAPT_LTM_GOB360_TO_SALES_SUBNATIONAL_ISP_ALL,VIEW_DEPENDENCY
V_XREF_ADAPT_LTM_GOB360_TO_CHANNEL,CREST_DATA_DEV.GTMC_ADAPT_TRANSFORMATIONS.V_XREF_ADAPT_LTM_GOB360_TO_SALES_SUBNATIONAL_ISP_ALL,VIEW_DEPENDENCY
V_XREF_ADAPT_LTM_GOB360_TO_PURCHASE_TYPE,CREST_DATA_DEV.GTMC_ADAPT_TRANSFORMATIONS.V_XREF_ADAPT_LTM_GOB360_TO_SALES_SUBNATIONAL_ISP_ALL,VIEW_DEPENDENCY
V_DMT_MX_GOB360_BASE_WIDE,CREST_DATA_DEV.GTMC_ADAPT_TRANSFORMATIONS.V_XREF_ADAPT_LTM_GOB360_TO_SALES_SUBNATIONAL_ISP_ALL,VIEW_DEPENDENCY
V_XREF_ADAPT_LTM_GOB360_TO_PROVIDER,CREST_DATA_DEV.GTMC_ADAPT_TRANSFORMATIONS.V_XREF_ADAPT_LTM_GOB360_TO_SALES_SUBNATIONAL_ISP_ALL,VIEW_DEPENDENCY
V_XREF_ADAPT_LTM_GOB360_TO_CUSTOMER,CREST_DATA_DEV.GTMC_ADAPT_TRANSFORMATIONS.V_XREF_ADAPT_LTM_GOB360_TO_SALES_SUBNATIONAL_ISP_ALL,VIEW_DEPENDENCY
SHR_DF_MARKET_PROD.DF_MARKET_PROD_DMT_ONEPRODUCT.DT_ONEPRODUCT_PKPR,CREST_DATA_DEV.GTMC_ADAPT_TRANSFORMATIONS.V_XREF_ADAPT_LTM_MX_DDD_BASE_WIDE_TO_GLOBAL_CORPORATION,VIEW_DEPENDENCY
SHR_COMM_LTM_DEV.COMM_LTM_DEV_DMT_LTM.DMT_MX_AR_DDD_BASE,CREST_DATA_DEV.GTMC_ADAPT_TRANSFORMATIONS.V_XREF_ADAPT_LTM_MX_DDD_BASE_WIDE_TO_GLOBAL_CORPORATION,VIEW_DEPENDENCY
V_XREF_ADAPT_LTM_MX_DDD_BASE_WIDE_TO_BRAND,CREST_DATA_DEV.GTMC_ADAPT_TRANSFORMATIONS.V_XREF_ADAPT_LTM_MX_DDD_BASE_WIDE_TO_HARMONIZED_GLOBAL_PRODUCT,VIEW_DEPENDENCY
SHR_DF_MARKET_PROD.DF_MARKET_PROD_DMT_ONEPRODUCT.DT_ONEPRODUCT_PKPR,CREST_DATA_DEV.GTMC_ADAPT_TRANSFORMATIONS.V_XREF_ADAPT_LTM_MX_DDD_BASE_WIDE_TO_HARMONIZED_GLOBAL_PRODUCT,VIEW_DEPENDENCY
SHR_COMM_LTM_DEV.COMM_LTM_DEV_DMT_LTM.DMT_MX_AR_DDD_BASE,CREST_DATA_DEV.GTMC_ADAPT_TRANSFORMATIONS.V_XREF_ADAPT_LTM_MX_DDD_BASE_WIDE_TO_HARMONIZED_GLOBAL_PRODUCT,VIEW_DEPENDENCY
SHR_DF_MARKET_PROD.DF_MARKET_PROD_DMT_ONEPRODUCT.DT_ONEPRODUCT_PKPR,CREST_DATA_DEV.GTMC_ADAPT_TRANSFORMATIONS.V_XREF_ADAPT_LTM_MX_DDD_BASE_WIDE_TO_MOLECULE_LIST,VIEW_DEPENDENCY
SHR_COMM_LTM_DEV.COMM_LTM_DEV_DMT_LTM.DMT_MX_AR_DDD_BASE,CREST_DATA_DEV.GTMC_ADAPT_TRANSFORMATIONS.V_XREF_ADAPT_LTM_MX_DDD_BASE_WIDE_TO_MOLECULE_LIST,VIEW_DEPENDENCY
V_XREF_ADAPT_UKIE_PATIENT_SALES_TO_PRODUCT_ID_ISP_ALL,CREST_DATA_DEV.GTMC_ADAPT_TRANSFORMATIONS.V_XREF_ADAPT_UKIE_PATIENT_SALES_TO_HARMONIZED_GLOBAL_PRODUCT,VIEW_DEPENDENCY
SHR_DF_MARKET_PROD.DF_MARKET_PROD_DMT_ONEPRODUCT.DT_ONEPRODUCT_PKPR,CREST_DATA_DEV.GTMC_ADAPT_TRANSFORMATIONS.V_XREF_ADAPT_UKIE_PATIENT_SALES_TO_HARMONIZED_GLOBAL_PRODUCT,VIEW_DEPENDENCY
SHR_UKIE_CDW_PROD.UKIE_CDW_PROD_DMT_CDW_CREST.DMT_PATIENT_SALES,CREST_DATA_DEV.GTMC_ADAPT_TRANSFORMATIONS.V_XREF_ADAPT_UKIE_PATIENT_SALES_TO_HARMONIZED_GLOBAL_PRODUCT,VIEW_DEPENDENCY
SHR_DF_MARKET_PROD.DF_MARKET_PROD_DMT_COMM_SALES.DIM_CUSTOMER,CREST_DATA_DEV.GTMC_CREST.DIM_UNIQUE_HCO,VIEW_DEPENDENCY
SHR_DF_CI_PROD.DF_CI_PROD_DMT_CIA_CREST.DIM_HCO,CREST_DATA_DEV.GTMC_CREST.DIM_UNIQUE_HCO,VIEW_DEPENDENCY
CREST_DATA_DEV.GTMC_ADAPT_TRANSFORMATIONS.V_PATIENT_ADAPT,CREST_DATA_DEV.GTMC_CREST.V_PATIENT,VIEW_DEPENDENCY
SHR_DF_MARKET_PROD.DF_MARKET_PROD_DMT_ONEPRODUCT.DT_ONEPRODUCT_PKPR,CREST_DATA_DEV.GTMC_CREST.V_XREF_LCL_MANUFACTURER_TO_GLOBAL_CORPORATON_ONEPRODUCT,VIEW_DEPENDENCY
SHR_DF_MARKET_PROD.DF_MARKET_PROD_DMT_SALES_MARKET_SN_CREST.PRODUCT_ISP_ALL,CREST_DATA_DEV.GTMC_MSDF_TRANSFORMATIONS.V_XREF_MDM_PRODUCT_ID_TO_PRODUCT_ISP_ALL_OLD,VIEW_DEPENDENCY
SHR_COMM_LTM_DEV.COMM_LTM_DEV_DMT_LTM.DMT_MX_GOB360_BASE,CREST_DATA_DEV.GTMC_ADAPT_TRANSFORMATIONS.V_XREF_ADAPT_LTM_GOB360_TO_GEOGRAPHY_SUBNATIONAL,VIEW_DEPENDENCY
CREST_DATA_DEV.GTMC_CREST.V_MOLECULE_LIST,CREST_DATA_DEV.GTMC_ADAPT_TRANSFORMATIONS.V_XREF_ADAPT_LTM_GOB360_TO_MOLECULE_LIST,VIEW_DEPENDENCY
SHR_COMM_LTM_DEV.COMM_LTM_DEV_DMT_LTM.DMT_MX_GOB360_BASE,CREST_DATA_DEV.GTMC_ADAPT_TRANSFORMATIONS.V_XREF_ADAPT_LTM_GOB360_TO_MOLECULE_LIST,VIEW_DEPENDENCY
SHR_COMM_LTM_DEV.COMM_LTM_DEV_DMT_LTM.DMT_MX_GOB360_BASE,CREST_DATA_DEV.GTMC_ADAPT_TRANSFORMATIONS.V_XREF_ADAPT_LTM_GOB360_TO_PROVIDER,VIEW_DEPENDENCY
SHR_DF_MARKET_PROD.DF_MARKET_PROD_DMT_ONEPRODUCT.DT_ONEPRODUCT_PKPR,CREST_DATA_DEV.GTMC_ADAPT_TRANSFORMATIONS.V_XREF_ADAPT_LTM_MX_DDD_BASE_WIDE_TO_BRAND,VIEW_DEPENDENCY
SHR_COMM_LTM_DEV.COMM_LTM_DEV_DMT_LTM.DMT_MX_AR_DDD_BASE,CREST_DATA_DEV.GTMC_ADAPT_TRANSFORMATIONS.V_XREF_ADAPT_LTM_MX_DDD_BASE_WIDE_TO_BRAND,VIEW_DEPENDENCY
SHR_UKIE_CDW_PROD.UKIE_CDW_PROD_DMT_CDW_CREST.DMT_TFT_SALES_CEP_DAY,CREST_DATA_DEV.GTMC_ADAPT_TRANSFORMATIONS.V_XREF_ADAPT_UKIE_TFT_SALES_CEP_DAY_TO_CALENDAR,VIEW_DEPENDENCY
CREST_DATA_DEV.GTMC_CREST.DMT_SALES_IN_CREDITED_SALES,CREST_DATA_DEV.GTMC_CREST.V_DQ_SALES_IN_VALIDATION,VIEW_DEPENDENCY
CREST_DATA_DEV.GTMC_MSDF_TRANSFORMATIONS.PRODUCT_MARKET_ISP_ALL_MSDF,CREST_DATA_DEV.GTMC_CREST.V_PRODUCT_MARKET_ISP_ALL,VIEW_DEPENDENCY
CREST_DATA_DEV.GTMC_ADAPT_TRANSFORMATIONS.PRODUCT_MARKET_ISP_ALL_ADAPT,CREST_DATA_DEV.GTMC_CREST.V_PRODUCT_MARKET_ISP_ALL,VIEW_DEPENDENCY
V_TEAM_TO_SANOFI_MARKETS_CANDIDATES,CREST_DATA_DEV.GTMC_CREST.V_TEAM_TO_SANOFI_MARKETS,VIEW_DEPENDENCY
SHR_DF_CI_PROD.DF_CI_PROD_DMT_CIA_CREST.DIM_TERRITORY_BRICK,CREST_DATA_DEV.GTMC_MSDF_TRANSFORMATIONS.V_CANDIDATE_FRENCH_TEAM_BRICKS,VIEW_DEPENDENCY
SHR_DF_CI_PROD.DF_CI_PROD_DMT_CIA_CREST.DIM_TERRITORY,CREST_DATA_DEV.GTMC_MSDF_TRANSFORMATIONS.V_CANDIDATE_FRENCH_TEAM_BRICKS,VIEW_DEPENDENCY
SHR_DF_CI_PROD.DF_CI_PROD_DMT_CIA_CREST.DIM_TEAM_TERRITORY,CREST_DATA_DEV.GTMC_MSDF_TRANSFORMATIONS.V_CANDIDATE_FRENCH_TEAM_BRICKS,VIEW_DEPENDENCY
SHR_DF_MARKET_UAT.DF_MARKET_UAT_DMT_ONEPRODUCT.DT_ONEPRODUCT_CE,CREST_DATA_DEV.GTMC_MSDF_TRANSFORMATIONS.V_FACT_TEAM,VIEW_DEPENDENCY
SHR_DF_CI_PROD.DF_CI_PROD_DMT_CIA_CREST.DIM_TEAM,CREST_DATA_DEV.GTMC_MSDF_TRANSFORMATIONS.V_FACT_TEAM,VIEW_DEPENDENCY
CREST_DATA_DEV.GTMC_SANDBOX.V_TEAM_TO_BRAND_DISEASE,CREST_DATA_DEV.GTMC_MSDF_TRANSFORMATIONS.V_FACT_TEAM,VIEW_DEPENDENCY
PRODUCT_ISP_ALL_MSDF,CREST_DATA_DEV.GTMC_MSDF_TRANSFORMATIONS.V_PRODUCT_MARKET_ISP_ALL_MSDF,VIEW_DEPENDENCY
SHR_DF_MARKET_UAT.DF_MARKET_UAT_DMT_SALES_MARKET_SN_CREST.MARKET,CREST_DATA_DEV.GTMC_MSDF_TRANSFORMATIONS.V_PRODUCT_MARKET_ISP_ALL_MSDF,VIEW_DEPENDENCY
CREST_DATA_DEV.GTMC_MSDF_TRANSFORMATIONS.V_MARKET_PRODUCT_MARKET_ISP_ALL_MSDF,CREST_DATA_DEV.GTMC_MSDF_TRANSFORMATIONS.V_PRODUCT_MARKET_ISP_ALL_MSDF,VIEW_DEPENDENCY
SHR_DF_MARKET_UAT.DF_MARKET_UAT_DMT_SALES_MARKET_SN_CREST.SALES_SUBNATIONAL_ISP_ALL,CREST_DATA_DEV.GTMC_MSDF_TRANSFORMATIONS.V_SALES_SUBNATIONAL_ISP_ALL_MKTS_MSDF,VIEW_DEPENDENCY
CREST_DATA_DEV.GTMC_CREST.PRODUCT_MARKET_ISP_ALL,CREST_DATA_DEV.GTMC_MSDF_TRANSFORMATIONS.V_SALES_SUBNATIONAL_ISP_ALL_MKTS_MSDF,VIEW_DEPENDENCY
SHR_DF_MARKET_PROD.DF_MARKET_PROD_DMT_SALES_MARKET_SN_CREST.SALES_SUBNATIONAL_ISP_ALL,CREST_DATA_DEV.GTMC_MSDF_TRANSFORMATIONS.V_SALES_SUBNATIONAL_ISP_ALL_MKTS_MSDF,VIEW_DEPENDENCY
GTMC_SANDBOX.V_MARKET_HARMONIZED_GLOBAL_PRODUCT_MSDF,CREST_DATA_DEV.GTMC_MSDF_TRANSFORMATIONS.V_XREF_ATC_CLSF_CD_TO_WW_MARKETS_UNIQUE,VIEW_DEPENDENCY
CREST_DATA_DEV.GTMC_MSDF_TRANSFORMATIONS.V_XREF_MDM_PRODUCT_ID_TO_PRODUCT_ISP_ALL_OLD,CREST_DATA_DEV.GTMC_MSDF_TRANSFORMATIONS.V_XREF_MARKET_PRODUCT_ISP_ALL_OLD_TO_MDM_PRODUCT_ID,VIEW_DEPENDENCY
SHR_DF_MARKET_PROD.DF_MARKET_PROD_DMT_SALES_MARKET_SN_CREST.MARKET_PRODUCT_ISP_ALL,CREST_DATA_DEV.GTMC_MSDF_TRANSFORMATIONS.V_XREF_MARKET_PRODUCT_ISP_ALL_OLD_TO_MDM_PRODUCT_ID,VIEW_DEPENDENCY
SHR_DF_MARKET_PROD.DF_MARKET_PROD_DMT_ONEPRODUCT.DT_ONEPRODUCT_CE,CREST_DATA_DEV.GTMC_XFOUNDATION_XREFERENCES.V_XREF_CE_LOCAL_BRAND_NAME_TO_MSDF_HARMONIZED_LOCAL_BRAND,VIEW_DEPENDENCY
SHR_DF_MARKET_PROD.DF_MARKET_PROD_DMT_ONEPRODUCT.DT_ONEPRODUCT_PKPR,CREST_DATA_DEV.GTMC_XFOUNDATION_XREFERENCES.V_XREF_CE_LOCAL_BRAND_NAME_TO_MSDF_HARMONIZED_LOCAL_BRAND,VIEW_DEPENDENCY
CREST_DATA_DEV.GTMC_XFOUNDATION_XREFERENCES.V_XREF_CE_GLOBAL_BRAND_NAME_TO_MSDF_HARMONIZED_GLOBAL_PRODUCT,CREST_DATA_DEV.GTMC_XFOUNDATION_XREFERENCES.V_XREF_CE_LOCAL_BRAND_NAME_TO_MSDF_HARMONIZED_LOCAL_BRAND,VIEW_DEPENDENCY
V_XREF_CE_GLOBAL_BRAND_NAME_TO_MSDF_HARMONIZED_GLOBAL_PRODUCT,CREST_DATA_DEV.GTMC_XFOUNDATION_XREFERENCES.V_XREF_CE_LOCAL_BRAND_NAME_TO_MSDF_HARMONIZED_LOCAL_BRAND,VIEW_DEPENDENCY
CREST_DATA_DEV.GTMC_CREST.V_FACT_TEAM,CREST_DATA_DEV.GTMC_ZAIDYN.V_TEAM,VIEW_DEPENDENCY
CREST_DATA_DEV.GTMC_MSDF_TRANSFORMATIONS.SALES_SUBNATIONAL_ISP_ALL_MSDF,CREST_DATA_DEV.GTMC_MSDF_TRANSFORMATIONS.V_CHANNEL_MSDF,VIEW_DEPENDENCY
SHR_DF_MARKET_UAT.DF_MARKET_UAT_DMT_SALES_MARKET_SN_CREST.CHANNEL,CREST_DATA_DEV.GTMC_MSDF_TRANSFORMATIONS.V_CHANNEL_MSDF,VIEW_DEPENDENCY
SHR_DF_MARKET_UAT.DF_MARKET_UAT_DMT_SALES_MARKET_SN_CREST.PRODUCT_ISP_ALL,CREST_DATA_DEV.GTMC_MSDF_TRANSFORMATIONS.V_CREST_MSDF_PRIORITY_MARKET_RECORDS,VIEW_DEPENDENCY
TEAM_TO_MARKET_DEFINITIONS,CREST_DATA_DEV.GTMC_MSDF_TRANSFORMATIONS.V_CREST_MSDF_PRIORITY_MARKET_RECORDS,VIEW_DEPENDENCY
